Timestamp,age,Gender,Purchase_Frequency,Purchase_Categories,Personalized_Recommendation_Frequency,Browsing_Frequency,Product_Search_Method,Search_Result_Exploration,Customer_Reviews_Importance,Add_to_Cart_Browsing,Cart_Completion_Frequency,Cart_Abandonment_Factors,Saveforlater_Frequency,Review_Left,Review_Reliability,Review_Helpfulness,Recommendation_Helpfulness,Rating_Accuracy,Shopping_Satisfaction,Service_Appreciation,Improvement_Areas,transaction,Customer_Profile,Cluster
2023/06/08 7:50:55 PM GMT+5:30,65,Prefer not to say,Less than once a month,Clothing and Fashion,Yes,Multiple times a day,Keyword,Multiple pages,2.0,No,Sometimes,Found a better price elsewhere,Sometimes,Yes,3,No,1,4.0,4.0,Competitive prices,better app interface and lower shipping charges,778242,Regular Customer,0
2023/06/09 9:37:44 AM GMT+5:30,20,Male,Once a week,Groceries and Gourmet Food;Beauty and Personal Care;Home and Kitchen,No,Rarely,Filter,First page,3.0,No,Never,High shipping costs,Always,Yes,4,Yes,1,4.0,5.0,Quick delivery,Scrolling option would be much better than going to next page,193482,Frequent Buyer,0
2023/06/11 11:26:54 PM GMT+5:30,42,Male,Once a week,Groceries and Gourmet Food;Beauty and Personal Care;Clothing and Fashion;others,Sometimes,Few times a week,Keyword,Multiple pages,2.0,No,Rarely,Found a better price elsewhere,Often,Yes,4,Sometimes,0,5.0,3.0,All the above,Nil,925975,Regular Customer,1
2023/06/08 5:17:10 PM GMT+5:30,65,Others,Once a month,Beauty and Personal Care;Clothing and Fashion;Home and Kitchen,No,Few times a month,Filter,Multiple pages,2.0,Yes,Sometimes,others,Often,Yes,2,No,2,1.0,2.0,Quick delivery,Quality of product is very poor according to the big offers,566872,At-Risk Customer,2
2023/06/11 10:59:30 PM GMT+5:30,45,Female,Once a week,Beauty and Personal Care;Clothing and Fashion;others,Sometimes,Few times a month,Keyword,First page,5.0,Maybe,Rarely,Changed my mind or no longer need the item,Never,Yes,1,No,2,1.0,2.0,Quick delivery,Irrelevant product suggestions,683642,At-Risk Customer,2
2023/06/07 9:18:55 PM GMT+5:30,67,Others,Few times a month,Groceries and Gourmet Food;Clothing and Fashion;others,No,Multiple times a day,Keyword,Multiple pages,3.0,No,Always,others,Never,No,3,Sometimes,0,4.0,3.0,Product recommendations,Nothing,461923,Regular Customer,1
2023/06/08 7:46:31 PM GMT+5:30,55,Female,Few times a month,Groceries and Gourmet Food;Beauty and Personal Care,Sometimes,Few times a week,Keyword,First page,5.0,Maybe,Never,Found a better price elsewhere,Rarely,Yes,3,No,2,5.0,3.0,Customer service ,Customer service responsiveness,521643,Regular Customer,1
2023/06/06 7:02:21 PM GMT+5:30,44,Prefer not to say,Few times a month,Beauty and Personal Care;Clothing and Fashion,Yes,Few times a month,Keyword,Multiple pages,4.0,Yes,Often,Changed my mind or no longer need the item,Rarely,No,4,Sometimes,1,5.0,1.0,Customer service ,I have no problem with Amazon yet. But others tell me about the refund issues ,155589,At-Risk Customer,1
2023/06/07 11:07:55 PM GMT+5:30,33,Male,Less than once a month,Beauty and Personal Care;others,Yes,Rarely,Keyword,Multiple pages,1.0,Yes,Often,High shipping costs,Rarely,No,4,Sometimes,1,2.0,2.0,Competitive prices,Quality of product is very poor according to the big offers,860726,At-Risk Customer,2
2023/06/05 4:50:44 PM GMT+5:30,22,Others,Few times a month,Clothing and Fashion;Home and Kitchen,No,Multiple times a day,Filter,First page,5.0,Maybe,Never,Changed my mind or no longer need the item,Rarely,No,2,No,2,1.0,3.0,All the above,I don't have any problem with Amazon,745946,Regular Customer,2
2023/06/06 6:38:03 PM GMT+5:30,28,Female,Once a month,Groceries and Gourmet Food;Clothing and Fashion,Yes,Few times a month,Others,First page,4.0,Yes,Sometimes,Changed my mind or no longer need the item,Sometimes,Yes,2,Yes,2,4.0,5.0,All the above,UI,882918,Occasional Shopper,0
2023/06/08 5:38:01 PM GMT+5:30,44,Prefer not to say,Multiple times a week,Groceries and Gourmet Food,Sometimes,Multiple times a day,Keyword,First page,5.0,Yes,Always,others,Often,Yes,2,Yes,2,4.0,3.0,User-friendly website/app interface,Shipping speed and reliability,911442,Regular Customer,1
2023/06/05 8:07:52 PM GMT+5:30,24,Male,Once a month,Beauty and Personal Care;Home and Kitchen;others,No,Few times a week,Filter,First page,4.0,No,Always,others,Rarely,Yes,3,Yes,2,5.0,3.0,Competitive prices,Add more familiar brands to the list,403975,Occasional Shopper,1
2023/06/07 5:58:12 PM GMT+5:30,23,Male,Once a month,Beauty and Personal Care;Home and Kitchen,Yes,Few times a month,Filter,First page,5.0,Maybe,Always,Changed my mind or no longer need the item,Sometimes,No,3,Yes,1,5.0,1.0,Wide product selection,I have no problem with Amazon yet. But others tell me about the refund issues ,681181,At-Risk Customer,1
2023/06/08 5:43:45 PM GMT+5:30,58,Prefer not to say,Once a week,Beauty and Personal Care;Clothing and Fashion,Sometimes,Few times a week,Keyword,First page,5.0,Maybe,Never,High shipping costs,Often,Yes,0,Yes,0,3.0,1.0,Quick delivery,Shipping speed and reliability,921065,At-Risk Customer,1
2023/06/05 1:37:01 PM GMT+5:30,40,Male,Less than once a month,Groceries and Gourmet Food;Beauty and Personal Care;others,No,Multiple times a day,Keyword,First page,3.0,No,Never,Found a better price elsewhere,Never,No,0,No,0,2.0,2.0,Customer service ,Quality of product is very poor according to the big offers,335642,At-Risk Customer,2
2023/06/07 12:44:27 PM GMT+5:30,46,Prefer not to say,Once a week,Groceries and Gourmet Food,Yes,Rarely,Categories,First page,2.0,Yes,Always,High shipping costs,Sometimes,No,1,Sometimes,1,5.0,2.0,Wide product selection,User interface ,348266,At-Risk Customer,1
2023/06/08 5:48:55 PM GMT+5:30,15,Others,Once a month,Groceries and Gourmet Food;Clothing and Fashion,Sometimes,Few times a month,Keyword,Multiple pages,2.0,Maybe,Often,others,Often,Yes,0,No,2,2.0,2.0,Quick delivery,Reducing packaging waste,661105,At-Risk Customer,2
2023/06/09 3:17:31 PM GMT+5:30,41,Female,Less than once a month,Groceries and Gourmet Food;Clothing and Fashion,Yes,Few times a week,Categories,First page,4.0,Maybe,Always,Changed my mind or no longer need the item,Sometimes,Yes,0,Sometimes,1,4.0,2.0,All the above,Nil,498142,At-Risk Customer,1
2023/06/06 7:08:47 PM GMT+5:30,28,Others,Once a week,Groceries and Gourmet Food;Beauty and Personal Care;Clothing and Fashion;others,Sometimes,Multiple times a day,Keyword,First page,5.0,Yes,Sometimes,High shipping costs,Sometimes,No,3,Sometimes,2,5.0,2.0,All the above,Nothing,908063,At-Risk Customer,1
2023/06/12 3:27:59 PM GMT+5:30,47,Others,Few times a month,others,Sometimes,Rarely,Keyword,Multiple pages,1.0,Yes,Sometimes,Changed my mind or no longer need the item,Never,Yes,1,Sometimes,0,5.0,2.0,Competitive prices,UI,759344,At-Risk Customer,1
2023/06/07 5:58:12 PM GMT+5:30,8,Others,Once a month,Clothing and Fashion;others,Sometimes,Few times a month,Categories,First page,1.0,Yes,Never,Found a better price elsewhere,Never,No,2,Sometimes,0,1.0,3.0,User-friendly website/app interface,Reducing packaging waste,123738,Occasional Shopper,2
2023/06/07 10:57:14 AM GMT+5:30,43,Prefer not to say,Multiple times a week,Home and Kitchen,No,Rarely,Keyword,First page,3.0,Yes,Rarely,High shipping costs,Always,No,1,Sometimes,0,3.0,5.0,All the above,Nil,885971,Regular Customer,0
2023/06/04 7:13:12 PM GMT+5:30,43,Male,Less than once a month,others,Yes,Multiple times a day,Filter,Multiple pages,4.0,No,Sometimes,Found a better price elsewhere,Always,No,3,No,2,5.0,2.0,User-friendly website/app interface,Customer service responsiveness,566930,At-Risk Customer,1
2023/06/07 6:17:42 PM GMT+5:30,23,Male,Once a month,Beauty and Personal Care;Clothing and Fashion;Home and Kitchen;others,Yes,Few times a month,Others,Multiple pages,2.0,Yes,Never,High shipping costs,Sometimes,Yes,0,No,1,3.0,1.0,Wide product selection,Quality of product is very poor according to the big offers,776650,At-Risk Customer,1
2023/06/06 6:34:44 PM GMT+5:30,19,Female,Less than once a month,Groceries and Gourmet Food;Beauty and Personal Care;Clothing and Fashion;others,No,Few times a week,Others,First page,2.0,Yes,Always,Found a better price elsewhere,Sometimes,Yes,4,No,0,3.0,2.0,All the above,Nil,837776,At-Risk Customer,1
2023/06/05 11:20:41 AM GMT+5:30,40,Female,Once a month,Groceries and Gourmet Food;Home and Kitchen;others,Yes,Rarely,Filter,First page,2.0,Yes,Often,Found a better price elsewhere,Often,No,3,Yes,2,3.0,3.0,Quick delivery,better app interface and lower shipping charges,269515,Occasional Shopper,2
2023/06/05 9:56:02 PM GMT+5:30,9,Others,Once a week,Groceries and Gourmet Food;Beauty and Personal Care;Clothing and Fashion;Home and Kitchen,Yes,Rarely,Keyword,Multiple pages,3.0,No,Never,others,Rarely,Yes,0,Sometimes,2,3.0,4.0,.,No problems with Amazon,705210,Frequent Buyer,0
2023/06/09 2:34:43 PM GMT+5:30,60,Others,Once a week,Clothing and Fashion;others,Sometimes,Multiple times a day,Others,First page,4.0,No,Sometimes,Found a better price elsewhere,Often,Yes,3,No,0,3.0,3.0,All the above,Reducing packaging waste,996742,Regular Customer,2
2023/06/07 4:46:12 PM GMT+5:30,18,Prefer not to say,Once a week,Beauty and Personal Care;Clothing and Fashion;others,Sometimes,Few times a month,Filter,First page,4.0,Yes,Never,Changed my mind or no longer need the item,Always,Yes,3,Yes,2,5.0,5.0,Customer service,Shipping speed and reliability,202745,Frequent Buyer,0
2023/06/05 9:56:58 AM GMT+5:30,5,Male,Once a month,Clothing and Fashion;Home and Kitchen;others,Sometimes,Few times a week,Keyword,Multiple pages,3.0,Maybe,Always,High shipping costs,Rarely,Yes,1,No,2,1.0,1.0,All the above,Scrolling option would be much better than going to next page,956949,At-Risk Customer,2
2023/06/06 7:19:43 PM GMT+5:30,29,Others,Less than once a month,Groceries and Gourmet Food;Beauty and Personal Care;others,Yes,Rarely,Others,First page,4.0,Maybe,Never,others,Often,Yes,2,No,2,4.0,4.0,.,User interface of app,876679,Regular Customer,0
2023/06/11 11:20:57 PM GMT+5:30,46,Others,Few times a month,Groceries and Gourmet Food;Beauty and Personal Care,No,Rarely,Keyword,First page,5.0,Maybe,Rarely,others,Often,Yes,2,Yes,2,3.0,2.0,Product recommendations,better app interface and lower shipping charges,838932,At-Risk Customer,1
2023/06/06 7:46:27 PM GMT+5:30,58,Female,Once a month,Beauty and Personal Care;Clothing and Fashion;Home and Kitchen;others,No,Few times a month,Keyword,Multiple pages,2.0,Maybe,Never,Found a better price elsewhere,Always,No,1,No,1,1.0,5.0,Quick delivery,I have no problem with Amazon yet. But others tell me about the refund issues ,451480,Occasional Shopper,0
2023/06/06 6:39:26 PM GMT+5:30,56,Others,Less than once a month,Beauty and Personal Care,Sometimes,Multiple times a day,Categories,First page,3.0,Maybe,Often,Changed my mind or no longer need the item,Always,No,1,Sometimes,0,1.0,1.0,Competitive prices,Scrolling option would be much better than going to next page,168831,At-Risk Customer,2
2023/06/06 7:40:11 PM GMT+5:30,59,Female,Once a month,others,Sometimes,Rarely,Filter,First page,5.0,Yes,Rarely,Found a better price elsewhere,Always,Yes,2,Yes,2,3.0,3.0,Competitive prices,Customer service responsiveness,637993,Occasional Shopper,2
2023/06/04 7:13:12 PM GMT+5:30,37,Male,Few times a month,Clothing and Fashion;Home and Kitchen;others,Yes,Few times a week,Categories,Multiple pages,2.0,No,Often,High shipping costs,Always,Yes,2,Yes,2,1.0,3.0,Competitive prices,I have no problem with Amazon yet. But others tell me about the refund issues ,150709,Regular Customer,2
2023/06/08 5:33:12 PM GMT+5:30,28,Others,Once a week,others,Sometimes,Few times a month,Filter,First page,3.0,Maybe,Never,Found a better price elsewhere,Often,Yes,0,Yes,1,2.0,1.0,Customer service,Product quality and accuracy,928213,At-Risk Customer,2
2023/06/06 6:37:19 PM GMT+5:30,8,Others,Few times a month,others,Yes,Multiple times a day,Keyword,Multiple pages,3.0,No,Always,Changed my mind or no longer need the item,Rarely,No,4,Sometimes,2,1.0,1.0,Quick delivery,I don't have any problem with Amazon,896965,At-Risk Customer,2
2023/06/08 5:46:49 PM GMT+5:30,34,Others,Less than once a month,Groceries and Gourmet Food;Home and Kitchen;others,Yes,Few times a month,Keyword,Multiple pages,5.0,Maybe,Rarely,others,Sometimes,Yes,1,No,0,5.0,3.0,Wide product selection,I have no problem with Amazon yet. But others tell me about the refund issues ,556409,Regular Customer,1
2023/06/11 11:02:55 PM GMT+5:30,19,Others,Once a week,Groceries and Gourmet Food,Sometimes,Few times a month,Filter,First page,5.0,No,Always,Changed my mind or no longer need the item,Rarely,No,1,Sometimes,0,2.0,3.0,Customer service,better app interface and lower shipping charges,946186,Regular Customer,2
2023/06/07 4:46:12 PM GMT+5:30,30,Prefer not to say,Multiple times a week,Beauty and Personal Care;Home and Kitchen,No,Few times a month,Keyword,First page,5.0,Yes,Never,others,Never,No,2,Yes,1,4.0,5.0,Quick delivery,better app interface and lower shipping charges,683291,Regular Customer,0
2023/06/06 3:02:38 PM GMT+5:30,37,Male,Multiple times a week,Home and Kitchen,No,Few times a month,Filter,Multiple pages,3.0,No,Never,Changed my mind or no longer need the item,Never,Yes,0,Sometimes,1,1.0,3.0,Competitive prices,User interface ,364986,Regular Customer,2
2023/06/06 7:22:31 PM GMT+5:30,15,Male,Multiple times a week,Clothing and Fashion,Sometimes,Few times a week,Others,Multiple pages,3.0,Yes,Rarely,Found a better price elsewhere,Always,Yes,2,Sometimes,1,3.0,4.0,User-friendly website/app interface,User interface ,785612,Regular Customer,0
2023/06/07 9:32:38 AM GMT+5:30,64,Female,Multiple times a week,Groceries and Gourmet Food;Clothing and Fashion,Sometimes,Multiple times a day,Others,Multiple pages,5.0,Yes,Often,Changed my mind or no longer need the item,Always,Yes,0,Sometimes,2,3.0,3.0,Customer service ,.,970525,Regular Customer,2
2023/06/07 12:50:13 PM GMT+5:30,58,Male,Once a month,Groceries and Gourmet Food;Home and Kitchen,Sometimes,Few times a month,Keyword,First page,4.0,Yes,Rarely,Changed my mind or no longer need the item,Always,Yes,1,Sometimes,1,2.0,4.0,Product recommendations,I have no problem with Amazon yet. But others tell me about the refund issues ,272690,Occasional Shopper,0
2023/06/11 11:22:19 PM GMT+5:30,50,Female,Multiple times a week,Groceries and Gourmet Food;Clothing and Fashion;Home and Kitchen,Yes,Multiple times a day,Keyword,First page,2.0,Yes,Rarely,Changed my mind or no longer need the item,Never,Yes,0,Yes,1,4.0,5.0,Wide product selection,.,861433,Regular Customer,0
2023/06/08 5:16:17 PM GMT+5:30,5,Female,Multiple times a week,Clothing and Fashion;Home and Kitchen,No,Multiple times a day,Categories,First page,5.0,No,Rarely,others,Rarely,No,4,Sometimes,0,1.0,4.0,Wide product selection,Reducing packaging waste,253557,Regular Customer,0
2023/06/11 11:03:34 PM GMT+5:30,27,Male,Less than once a month,others,No,Few times a week,Categories,Multiple pages,3.0,Yes,Always,High shipping costs,Often,No,0,No,1,1.0,1.0,All the above,User interface of app,660454,At-Risk Customer,2
2023/06/08 5:28:47 PM GMT+5:30,29,Female,Less than once a month,Clothing and Fashion;others,Yes,Few times a month,Filter,First page,1.0,Maybe,Always,Changed my mind or no longer need the item,Often,No,0,Sometimes,0,5.0,5.0,Customer service ,Irrelevant product suggestions,276608,Regular Customer,0
2023/06/11 11:22:55 PM GMT+5:30,46,Prefer not to say,Less than once a month,others,Yes,Few times a week,Filter,Multiple pages,3.0,Maybe,Often,Found a better price elsewhere,Sometimes,Yes,3,No,1,5.0,5.0,.,I have no problem with Amazon yet. But others tell me about the refund issues ,683635,Regular Customer,0
2023/06/11 10:49:05 PM GMT+5:30,52,Prefer not to say,Once a week,Groceries and Gourmet Food;Clothing and Fashion;others,Sometimes,Few times a month,Keyword,First page,1.0,Maybe,Always,High shipping costs,Never,No,2,No,0,1.0,4.0,Customer service,Scrolling option would be much better than going to next page,883728,Frequent Buyer,0
2023/06/06 9:08:20 PM GMT+5:30,36,Female,Less than once a month,Groceries and Gourmet Food;Clothing and Fashion;others,Yes,Rarely,Categories,Multiple pages,4.0,No,Never,Found a better price elsewhere,Sometimes,Yes,3,Sometimes,1,2.0,2.0,Competitive prices,.,991974,At-Risk Customer,2
2023/06/07 10:10:26 PM GMT+5:30,64,Others,Once a week,Beauty and Personal Care;Home and Kitchen,Yes,Multiple times a day,Keyword,First page,5.0,Yes,Sometimes,Found a better price elsewhere,Sometimes,Yes,4,Yes,1,3.0,1.0,Quick delivery,No problems with Amazon,250348,At-Risk Customer,1
2023/06/12 3:33:53 PM GMT+5:30,47,Female,Less than once a month,Beauty and Personal Care,Yes,Multiple times a day,Others,Multiple pages,5.0,Yes,Sometimes,others,Never,Yes,3,No,2,1.0,4.0,Product recommendations,.,373880,Regular Customer,0
2023/06/05 4:46:52 PM GMT+5:30,45,Prefer not to say,Less than once a month,Beauty and Personal Care,Sometimes,Multiple times a day,Keyword,Multiple pages,4.0,No,Rarely,High shipping costs,Always,Yes,3,No,1,4.0,4.0,All the above,Add more familiar brands to the list,439765,Regular Customer,0
2023/06/12 3:45:27 PM GMT+5:30,18,Others,Once a week,Groceries and Gourmet Food;Home and Kitchen,No,Rarely,Others,Multiple pages,2.0,No,Rarely,Changed my mind or no longer need the item,Sometimes,Yes,1,Yes,1,5.0,5.0,Quick delivery,I have no problem with Amazon yet. But others tell me about the refund issues ,890836,Frequent Buyer,0
2023/06/07 11:03:50 PM GMT+5:30,6,Female,Less than once a month,Beauty and Personal Care;Home and Kitchen;others,Yes,Rarely,Others,First page,4.0,Yes,Sometimes,others,Sometimes,Yes,1,Yes,1,3.0,1.0,Customer service ,Nothing,373037,At-Risk Customer,1
2023/06/09 7:26:02 PM GMT+5:30,58,Prefer not to say,Once a month,Groceries and Gourmet Food,No,Rarely,Keyword,Multiple pages,2.0,Yes,Always,Found a better price elsewhere,Sometimes,Yes,1,No,0,3.0,3.0,Quick delivery,Add more familiar brands to the list,515270,Occasional Shopper,2
2023/06/11 11:08:35 PM GMT+5:30,6,Prefer not to say,Less than once a month,Beauty and Personal Care;Clothing and Fashion,Yes,Multiple times a day,Keyword,Multiple pages,1.0,Yes,Often,High shipping costs,Always,Yes,1,Sometimes,1,4.0,5.0,User-friendly website/app interface,I have no problem with Amazon yet. But others tell me about the refund issues ,586526,Regular Customer,0
2023/06/10 11:21:59 PM GMT+5:30,56,Others,Multiple times a week,Groceries and Gourmet Food;Beauty and Personal Care;Clothing and Fashion;Home and Kitchen,No,Few times a week,Filter,Multiple pages,3.0,Maybe,Always,Changed my mind or no longer need the item,Sometimes,Yes,2,No,1,1.0,4.0,.,Shipping speed and reliability,676047,Regular Customer,0
2023/06/12 3:59:59 PM GMT+5:30,12,Male,Once a week,Beauty and Personal Care;Clothing and Fashion;others,Sometimes,Rarely,Categories,Multiple pages,3.0,Maybe,Often,High shipping costs,Never,Yes,2,Yes,2,3.0,3.0,Competitive prices,No problems with Amazon,984496,Regular Customer,2
2023/06/09 9:31:57 AM GMT+5:30,6,Male,Multiple times a week,Groceries and Gourmet Food;Clothing and Fashion;Home and Kitchen;others,No,Rarely,Keyword,Multiple pages,2.0,No,Sometimes,Changed my mind or no longer need the item,Rarely,Yes,4,Yes,2,3.0,4.0,All the above,Product quality and accuracy,225976,Regular Customer,0
2023/06/12 3:38:48 PM GMT+5:30,20,Others,Less than once a month,Groceries and Gourmet Food;Clothing and Fashion,Yes,Rarely,Filter,First page,1.0,Yes,Rarely,others,Often,No,0,No,2,4.0,5.0,Customer service,Scrolling option would be much better than going to next page,203062,Regular Customer,0
2023/06/05 2:28:10 PM GMT+5:30,66,Prefer not to say,Once a week,Clothing and Fashion;Home and Kitchen;others,Yes,Few times a week,Filter,Multiple pages,1.0,Maybe,Often,others,Sometimes,No,2,Yes,2,4.0,5.0,All the above,I don't have any problem with Amazon,800248,Frequent Buyer,0
2023/06/07 6:29:53 PM GMT+5:30,37,Others,Few times a month,Groceries and Gourmet Food;Clothing and Fashion;others,No,Few times a month,Keyword,Multiple pages,4.0,No,Rarely,Found a better price elsewhere,Sometimes,Yes,3,Yes,1,3.0,3.0,Wide product selection,User interface of app,832869,Regular Customer,2
2023/06/06 11:49:21 AM GMT+5:30,59,Prefer not to say,Less than once a month,Beauty and Personal Care;Clothing and Fashion,No,Rarely,Categories,Multiple pages,3.0,No,Rarely,High shipping costs,Rarely,Yes,2,Sometimes,1,2.0,4.0,Customer service,I have no problem with Amazon yet. But others tell me about the refund issues ,985385,Regular Customer,0
2023/06/11 10:52:47 PM GMT+5:30,62,Male,Once a month,Beauty and Personal Care;Clothing and Fashion;Home and Kitchen;others,Yes,Multiple times a day,Filter,First page,1.0,No,Often,others,Never,No,4,Yes,2,1.0,3.0,Competitive prices,Add more familiar brands to the list,925814,Occasional Shopper,2
2023/06/09 8:10:05 AM GMT+5:30,46,Prefer not to say,Once a month,Beauty and Personal Care;Home and Kitchen,No,Rarely,Keyword,Multiple pages,5.0,Yes,Never,Found a better price elsewhere,Rarely,Yes,3,Sometimes,2,4.0,5.0,User-friendly website/app interface,.,510424,Occasional Shopper,0
2023/06/08 5:11:27 PM GMT+5:30,63,Prefer not to say,Once a month,Beauty and Personal Care,Sometimes,Few times a week,Filter,Multiple pages,5.0,No,Always,Found a better price elsewhere,Often,No,3,Yes,2,5.0,1.0,Customer service,Irrelevant product suggestions,303719,At-Risk Customer,1
2023/06/11 11:02:55 PM GMT+5:30,27,Male,Few times a month,Groceries and Gourmet Food;Clothing and Fashion;Home and Kitchen,No,Multiple times a day,Keyword,First page,2.0,No,Rarely,Found a better price elsewhere,Sometimes,No,3,No,0,2.0,4.0,Product recommendations,Product quality and accuracy,339797,Regular Customer,0
2023/06/06 6:46:21 PM GMT+5:30,37,Prefer not to say,Once a week,Groceries and Gourmet Food;Clothing and Fashion,Sometimes,Multiple times a day,Filter,First page,4.0,Maybe,Never,High shipping costs,Rarely,No,0,Yes,1,5.0,4.0,Wide product selection,I have no problem with Amazon yet. But others tell me about the refund issues ,380939,Frequent Buyer,1
2023/06/09 3:10:36 PM GMT+5:30,32,Female,Once a week,Clothing and Fashion,Sometimes,Few times a month,Categories,Multiple pages,1.0,Maybe,Always,High shipping costs,Always,Yes,4,Yes,1,3.0,1.0,Customer service ,Nothing,744158,At-Risk Customer,1
2023/06/08 5:23:05 PM GMT+5:30,58,Prefer not to say,Few times a month,Groceries and Gourmet Food;Beauty and Personal Care,Sometimes,Few times a month,Categories,First page,4.0,Maybe,Rarely,Found a better price elsewhere,Never,No,3,Sometimes,1,3.0,2.0,All the above,I don't have any problem with Amazon,644781,At-Risk Customer,1
2023/06/04 7:45:33 PM GMT+5:30,7,Others,Once a week,Clothing and Fashion;Home and Kitchen;others,Sometimes,Rarely,Categories,Multiple pages,5.0,Yes,Rarely,High shipping costs,Always,No,2,No,0,3.0,1.0,Product recommendations,I have no problem with Amazon yet. But others tell me about the refund issues ,119216,At-Risk Customer,1
2023/06/08 5:17:10 PM GMT+5:30,37,Female,Few times a month,Beauty and Personal Care;Clothing and Fashion,No,Multiple times a day,Keyword,First page,1.0,No,Rarely,others,Sometimes,No,3,No,1,5.0,1.0,Competitive prices,Irrelevant product suggestions,565729,At-Risk Customer,1
2023/06/06 4:46:25 PM GMT+5:30,29,Prefer not to say,Once a month,Groceries and Gourmet Food;Beauty and Personal Care;Clothing and Fashion;Home and Kitchen;others,No,Multiple times a day,Others,First page,1.0,Yes,Never,others,Rarely,No,3,No,0,2.0,1.0,All the above,Product quality and accuracy,427641,At-Risk Customer,2
2023/06/08 5:43:45 PM GMT+5:30,25,Male,Few times a month,Clothing and Fashion;others,No,Rarely,Categories,First page,3.0,No,Always,High shipping costs,Rarely,No,1,No,0,3.0,3.0,Wide product selection,Scrolling option would be much better than going to next page,297515,Regular Customer,2
2023/06/12 3:27:59 PM GMT+5:30,44,Others,Few times a month,Groceries and Gourmet Food;Clothing and Fashion;Home and Kitchen,Yes,Rarely,Categories,Multiple pages,4.0,No,Never,Changed my mind or no longer need the item,Rarely,No,1,Sometimes,1,1.0,1.0,Competitive prices,Shipping speed and reliability,720366,At-Risk Customer,2
2023/06/12 4:03:59 PM GMT+5:30,24,Male,Once a month,Groceries and Gourmet Food;Clothing and Fashion;Home and Kitchen,No,Rarely,Categories,First page,5.0,Maybe,Often,others,Rarely,No,4,No,1,2.0,5.0,All the above,Shipping speed and reliability,372403,Occasional Shopper,0
2023/06/07 9:32:38 AM GMT+5:30,43,Female,Once a week,Home and Kitchen;others,No,Multiple times a day,Filter,Multiple pages,4.0,No,Sometimes,High shipping costs,Never,Yes,0,No,1,5.0,4.0,All the above,Customer service responsiveness,242483,Frequent Buyer,1
2023/06/07 11:10:09 PM GMT+5:30,3,Prefer not to say,Less than once a month,Beauty and Personal Care;Home and Kitchen;others,Sometimes,Rarely,Categories,First page,5.0,Maybe,Always,High shipping costs,Sometimes,Yes,2,No,0,3.0,1.0,Customer service ,User interface of app,338389,At-Risk Customer,1
2023/06/07 2:19:05 PM GMT+5:30,45,Male,Few times a month,others,No,Few times a week,Filter,First page,3.0,Maybe,Always,others,Always,Yes,4,No,0,3.0,4.0,.,Reducing packaging waste,214786,Regular Customer,0
2023/06/11 11:16:58 PM GMT+5:30,50,Female,Few times a month,others,No,Multiple times a day,Others,First page,1.0,Yes,Never,High shipping costs,Always,No,2,Sometimes,0,5.0,3.0,Customer service ,User interface ,903980,Regular Customer,1
2023/06/08 5:16:17 PM GMT+5:30,21,Prefer not to say,Multiple times a week,Groceries and Gourmet Food;Beauty and Personal Care;others,Yes,Multiple times a day,Keyword,First page,3.0,No,Always,High shipping costs,Rarely,Yes,1,Sometimes,2,3.0,3.0,.,Irrelevant product suggestions,474482,Regular Customer,2
2023/06/05 3:28:01 PM GMT+5:30,65,Prefer not to say,Multiple times a week,Groceries and Gourmet Food;Beauty and Personal Care;Clothing and Fashion;others,Yes,Rarely,Filter,Multiple pages,5.0,No,Sometimes,others,Always,No,3,Sometimes,1,2.0,4.0,Wide product selection,Shipping speed and reliability,320600,Regular Customer,0
2023/06/06 7:42:13 PM GMT+5:30,3,Prefer not to say,Once a week,Groceries and Gourmet Food;Beauty and Personal Care,Yes,Rarely,Keyword,Multiple pages,3.0,No,Rarely,others,Always,Yes,3,No,2,5.0,1.0,All the above,Shipping speed and reliability,221456,At-Risk Customer,1
2023/06/12 2:51:24 PM GMT+5:30,56,Prefer not to say,Once a month,Groceries and Gourmet Food;Clothing and Fashion,Yes,Few times a week,Filter,Multiple pages,1.0,Maybe,Always,High shipping costs,Never,Yes,4,Yes,1,1.0,2.0,Customer service ,Add more familiar brands to the list,325265,At-Risk Customer,2
2023/06/11 9:15:38 PM GMT+5:30,36,Prefer not to say,Less than once a month,Beauty and Personal Care;Clothing and Fashion;others,Yes,Rarely,Categories,First page,2.0,Maybe,Rarely,Changed my mind or no longer need the item,Often,No,1,No,0,5.0,3.0,Product recommendations,Scrolling option would be much better than going to next page,296652,Regular Customer,1
2023/06/07 9:54:56 PM GMT+5:30,32,Female,Few times a month,others,Yes,Few times a month,Filter,First page,2.0,Maybe,Rarely,Changed my mind or no longer need the item,Always,Yes,3,Yes,1,1.0,2.0,All the above,I have no problem with Amazon yet. But others tell me about the refund issues ,846303,At-Risk Customer,2
2023/06/07 6:16:51 PM GMT+5:30,4,Prefer not to say,Multiple times a week,Groceries and Gourmet Food;Home and Kitchen;others,No,Multiple times a day,Categories,First page,3.0,Maybe,Never,Found a better price elsewhere,Rarely,Yes,4,No,1,5.0,5.0,Customer service ,Add more familiar brands to the list,381632,Regular Customer,0
2023/06/12 4:02:02 PM GMT+5:30,25,Female,Few times a month,Clothing and Fashion;others,Yes,Few times a month,Keyword,First page,5.0,Yes,Always,Changed my mind or no longer need the item,Rarely,Yes,2,Sometimes,0,2.0,1.0,Quick delivery,I don't have any problem with Amazon,350347,At-Risk Customer,2
2023/06/06 6:38:45 PM GMT+5:30,17,Male,Less than once a month,Groceries and Gourmet Food;Home and Kitchen,Sometimes,Few times a month,Others,Multiple pages,4.0,Maybe,Never,Found a better price elsewhere,Sometimes,Yes,0,Sometimes,0,3.0,1.0,User-friendly website/app interface,I don't have any problem with Amazon,468143,At-Risk Customer,1
2023/06/07 12:13:39 PM GMT+5:30,30,Others,Less than once a month,Groceries and Gourmet Food;Beauty and Personal Care;Home and Kitchen,Yes,Few times a month,Categories,First page,2.0,Yes,Often,Found a better price elsewhere,Sometimes,Yes,0,No,2,3.0,5.0,All the above,Nothing,702163,Regular Customer,0
2023/06/09 2:34:43 PM GMT+5:30,12,Prefer not to say,Few times a month,Beauty and Personal Care;others,No,Rarely,Keyword,First page,5.0,Maybe,Rarely,High shipping costs,Often,No,2,Yes,0,2.0,1.0,All the above,User interface of app,905673,At-Risk Customer,2
2023/06/07 10:11:28 PM GMT+5:30,43,Prefer not to say,Less than once a month,Groceries and Gourmet Food;Clothing and Fashion,No,Rarely,Keyword,First page,2.0,Maybe,Often,others,Always,Yes,0,Sometimes,0,2.0,2.0,Quick delivery,.,279680,At-Risk Customer,2
2023/06/07 6:18:37 PM GMT+5:30,57,Others,Multiple times a week,Clothing and Fashion,No,Rarely,Categories,Multiple pages,1.0,No,Never,Changed my mind or no longer need the item,Always,Yes,0,Sometimes,2,1.0,1.0,Customer service ,Shipping speed and reliability,247500,At-Risk Customer,2
2023/06/09 9:32:44 AM GMT+5:30,42,Female,Once a week,Groceries and Gourmet Food;Beauty and Personal Care;Clothing and Fashion;Home and Kitchen,Sometimes,Few times a month,Categories,First page,2.0,Yes,Rarely,Found a better price elsewhere,Often,No,2,No,0,2.0,2.0,Quick delivery,Nothing,833472,At-Risk Customer,2
2023/06/08 5:28:09 PM GMT+5:30,32,Male,Multiple times a week,Groceries and Gourmet Food;Beauty and Personal Care;Clothing and Fashion;Home and Kitchen,No,Few times a week,Categories,Multiple pages,5.0,No,Never,others,Always,Yes,3,Yes,2,4.0,2.0,Quick delivery,I don't have any problem with Amazon,503385,At-Risk Customer,1
2023/06/08 3:23:21 AM GMT+5:30,21,Prefer not to say,Less than once a month,Groceries and Gourmet Food;Beauty and Personal Care;Clothing and Fashion;Home and Kitchen,Sometimes,Rarely,Keyword,First page,2.0,Maybe,Sometimes,Changed my mind or no longer need the item,Rarely,No,0,Sometimes,2,1.0,4.0,Wide product selection,better app interface and lower shipping charges,159786,Regular Customer,0
2023/06/06 6:32:00 PM GMT+5:30,63,Others,Less than once a month,Beauty and Personal Care;Home and Kitchen;others,Sometimes,Few times a week,Categories,Multiple pages,4.0,Maybe,Never,Found a better price elsewhere,Rarely,No,1,Sometimes,2,2.0,2.0,Product recommendations,better app interface and lower shipping charges,828255,At-Risk Customer,2
2023/06/07 8:20:23 PM GMT+5:30,10,Male,Once a month,Groceries and Gourmet Food;Home and Kitchen,No,Multiple times a day,Filter,First page,4.0,Yes,Rarely,others,Often,No,4,Yes,2,3.0,1.0,Customer service ,No problems with Amazon,249864,At-Risk Customer,1
2023/06/09 10:28:57 AM GMT+5:30,60,Others,Less than once a month,Groceries and Gourmet Food;Home and Kitchen,Sometimes,Few times a week,Keyword,Multiple pages,3.0,Maybe,Always,High shipping costs,Always,Yes,3,Sometimes,0,5.0,3.0,Quick delivery,Irrelevant product suggestions,662370,Regular Customer,1
2023/06/06 6:51:13 PM GMT+5:30,6,Others,Once a month,Groceries and Gourmet Food;Beauty and Personal Care;Clothing and Fashion,Yes,Few times a week,Keyword,Multiple pages,3.0,Yes,Always,Found a better price elsewhere,Rarely,No,0,No,0,1.0,5.0,Competitive prices,Product quality and accuracy,257446,Occasional Shopper,0
2023/06/08 3:32:42 AM GMT+5:30,51,Others,Multiple times a week,Beauty and Personal Care,Sometimes,Few times a week,Categories,Multiple pages,3.0,Yes,Always,Changed my mind or no longer need the item,Sometimes,Yes,4,Sometimes,1,4.0,1.0,Customer service ,Product quality and accuracy,810987,At-Risk Customer,1
2023/06/11 11:19:12 PM GMT+5:30,63,Female,Less than once a month,others,Yes,Multiple times a day,Keyword,Multiple pages,2.0,No,Often,High shipping costs,Sometimes,Yes,0,No,2,3.0,2.0,User-friendly website/app interface,Irrelevant product suggestions,608071,At-Risk Customer,1
2023/06/06 8:08:19 PM GMT+5:30,39,Prefer not to say,Less than once a month,Groceries and Gourmet Food;Clothing and Fashion;Home and Kitchen;others,No,Few times a week,Keyword,First page,3.0,Maybe,Rarely,others,Sometimes,No,4,Yes,2,3.0,1.0,Wide product selection,.,789962,At-Risk Customer,1
2023/06/07 9:19:23 AM GMT+5:30,61,Female,Less than once a month,Beauty and Personal Care;Clothing and Fashion;others,Yes,Few times a week,Filter,First page,4.0,No,Never,Found a better price elsewhere,Never,Yes,1,Yes,1,2.0,1.0,Quick delivery,Quality of product is very poor according to the big offers,137413,At-Risk Customer,2
2023/06/11 10:49:49 PM GMT+5:30,38,Prefer not to say,Few times a month,Groceries and Gourmet Food;Clothing and Fashion,No,Multiple times a day,Keyword,Multiple pages,1.0,Yes,Always,High shipping costs,Always,Yes,1,Yes,2,1.0,1.0,.,better app interface and lower shipping charges,539325,At-Risk Customer,2
2023/06/09 10:22:03 AM GMT+5:30,44,Prefer not to say,Once a week,Clothing and Fashion;Home and Kitchen;others,Yes,Few times a week,Others,First page,1.0,Yes,Sometimes,High shipping costs,Rarely,Yes,3,No,1,5.0,5.0,Customer service ,Scrolling option would be much better than going to next page,207225,Frequent Buyer,0
2023/06/09 9:34:07 AM GMT+5:30,57,Prefer not to say,Multiple times a week,Groceries and Gourmet Food;Clothing and Fashion;Home and Kitchen;others,Yes,Rarely,Others,Multiple pages,3.0,Yes,Often,Found a better price elsewhere,Rarely,No,4,No,0,4.0,2.0,Customer service,Nothing,635075,At-Risk Customer,1
2023/06/07 5:26:20 PM GMT+5:30,57,Female,Once a week,Groceries and Gourmet Food;Beauty and Personal Care;Clothing and Fashion;others,No,Few times a week,Keyword,First page,3.0,No,Always,Found a better price elsewhere,Never,Yes,3,No,1,2.0,4.0,User-friendly website/app interface,Nil,781251,Frequent Buyer,0
2023/06/08 6:01:33 PM GMT+5:30,7,Others,Multiple times a week,Clothing and Fashion;Home and Kitchen,Sometimes,Multiple times a day,Filter,First page,3.0,No,Never,Changed my mind or no longer need the item,Rarely,No,1,Yes,1,4.0,3.0,Competitive prices,Nil,696800,Regular Customer,1
2023/06/11 11:16:58 PM GMT+5:30,57,Male,Once a month,Home and Kitchen;others,Yes,Few times a week,Categories,Multiple pages,4.0,Maybe,Always,High shipping costs,Rarely,Yes,2,Sometimes,0,3.0,3.0,Competitive prices,I have no problem with Amazon yet. But others tell me about the refund issues ,896310,Occasional Shopper,2
2023/06/04 11:38:30 PM GMT+5:30,51,Prefer not to say,Few times a month,Clothing and Fashion;others,Yes,Few times a month,Keyword,First page,2.0,No,Never,High shipping costs,Always,No,4,Yes,2,2.0,2.0,Product recommendations,Quality of product is very poor according to the big offers,808542,At-Risk Customer,2
2023/06/08 5:19:23 PM GMT+5:30,27,Others,Once a week,others,No,Few times a month,Categories,Multiple pages,5.0,Maybe,Sometimes,Changed my mind or no longer need the item,Rarely,Yes,4,No,0,2.0,5.0,Quick delivery,Customer service responsiveness,373879,Frequent Buyer,0
2023/06/10 2:40:34 PM GMT+5:30,42,Prefer not to say,Multiple times a week,Clothing and Fashion;Home and Kitchen;others,Yes,Few times a month,Keyword,Multiple pages,5.0,No,Always,Found a better price elsewhere,Rarely,No,2,Sometimes,1,5.0,4.0,Competitive prices,I don't have any problem with Amazon,651681,Regular Customer,1
2023/06/06 7:18:52 PM GMT+5:30,6,Others,Multiple times a week,Beauty and Personal Care,Yes,Few times a month,Others,First page,4.0,No,Often,Changed my mind or no longer need the item,Never,No,1,Sometimes,1,5.0,4.0,.,Irrelevant product suggestions,761027,Regular Customer,1
2023/06/06 6:43:02 PM GMT+5:30,25,Male,Less than once a month,Groceries and Gourmet Food;Clothing and Fashion;others,Yes,Rarely,Keyword,Multiple pages,5.0,No,Never,Found a better price elsewhere,Always,Yes,4,Yes,1,4.0,4.0,Product recommendations,Irrelevant product suggestions,664329,Regular Customer,0
2023/06/08 5:27:22 PM GMT+5:30,41,Prefer not to say,Multiple times a week,Groceries and Gourmet Food,Sometimes,Rarely,Keyword,First page,4.0,Yes,Often,High shipping costs,Sometimes,Yes,1,No,2,5.0,1.0,Customer service,.,501330,At-Risk Customer,1
2023/06/09 3:26:38 PM GMT+5:30,48,Male,Once a month,others,Sometimes,Few times a week,Keyword,First page,1.0,Maybe,Never,High shipping costs,Rarely,No,1,Sometimes,0,2.0,4.0,Customer service ,.,777172,Occasional Shopper,0
2023/06/06 4:46:25 PM GMT+5:30,67,Male,Few times a month,Beauty and Personal Care;Clothing and Fashion;Home and Kitchen;others,Sometimes,Few times a week,Keyword,First page,5.0,No,Rarely,High shipping costs,Rarely,No,4,No,1,5.0,1.0,Customer service,Quality of product is very poor according to the big offers,720840,At-Risk Customer,1
2023/06/11 11:06:52 PM GMT+5:30,8,Male,Multiple times a week,Clothing and Fashion;Home and Kitchen;others,Sometimes,Rarely,Keyword,Multiple pages,2.0,Yes,Rarely,others,Rarely,Yes,4,No,1,5.0,3.0,All the above,User interface of app,238992,Regular Customer,1
2023/06/07 1:40:37 PM GMT+5:30,18,Female,Multiple times a week,Beauty and Personal Care;Clothing and Fashion;others,No,Few times a week,Categories,First page,4.0,Maybe,Sometimes,others,Rarely,No,2,Yes,2,3.0,3.0,User-friendly website/app interface,User interface of app,473877,Regular Customer,2
2023/06/11 10:56:58 PM GMT+5:30,26,Female,Once a month,Home and Kitchen,Sometimes,Few times a month,Keyword,Multiple pages,4.0,No,Sometimes,Found a better price elsewhere,Never,Yes,2,No,0,2.0,5.0,Wide product selection,I have no problem with Amazon yet. But others tell me about the refund issues ,564292,Occasional Shopper,0
2023/06/04 11:09:27 PM GMT+5:30,29,Others,Less than once a month,Beauty and Personal Care;Clothing and Fashion;Home and Kitchen;others,Yes,Few times a month,Filter,Multiple pages,4.0,Yes,Rarely,High shipping costs,Rarely,Yes,3,Yes,0,5.0,5.0,Wide product selection,Irrelevant product suggestions,548158,Regular Customer,0
2023/06/09 4:28:58 PM GMT+5:30,51,Prefer not to say,Few times a month,Groceries and Gourmet Food;Beauty and Personal Care;Home and Kitchen,No,Few times a month,Filter,First page,2.0,Yes,Never,Found a better price elsewhere,Always,No,1,No,1,2.0,4.0,Customer service,Customer service responsiveness,702212,Regular Customer,0
2023/06/09 10:24:58 AM GMT+5:30,20,Others,Once a month,Clothing and Fashion;Home and Kitchen;others,No,Rarely,Keyword,First page,2.0,Yes,Often,Changed my mind or no longer need the item,Sometimes,No,0,No,0,4.0,1.0,User-friendly website/app interface,No problems with Amazon,403369,At-Risk Customer,1
2023/06/07 11:08:52 PM GMT+5:30,21,Prefer not to say,Less than once a month,Beauty and Personal Care,No,Few times a month,Keyword,First page,1.0,Yes,Never,High shipping costs,Often,No,2,No,0,3.0,4.0,All the above,Nothing,910439,Regular Customer,0
2023/06/08 10:54:00 AM GMT+5:30,53,Female,Once a month,Groceries and Gourmet Food;Clothing and Fashion;Home and Kitchen,No,Few times a month,Keyword,First page,4.0,Yes,Sometimes,others,Sometimes,No,4,No,0,3.0,3.0,User-friendly website/app interface,Add more familiar brands to the list,784378,Occasional Shopper,2
2023/06/12 9:40:22 AM GMT+5:30,13,Others,Once a month,Groceries and Gourmet Food;Clothing and Fashion,Yes,Multiple times a day,Categories,Multiple pages,3.0,Maybe,Always,High shipping costs,Rarely,No,2,Sometimes,2,4.0,5.0,Wide product selection,UI,949091,Occasional Shopper,0
2023/06/08 11:59:14 AM GMT+5:30,60,Female,Few times a month,Groceries and Gourmet Food;Clothing and Fashion,Sometimes,Few times a week,Others,Multiple pages,4.0,No,Never,High shipping costs,Always,No,0,Sometimes,2,4.0,3.0,Wide product selection,No problems with Amazon,990981,Regular Customer,1
2023/06/09 2:23:03 PM GMT+5:30,11,Others,Once a week,Beauty and Personal Care,No,Multiple times a day,Filter,First page,5.0,Maybe,Often,High shipping costs,Sometimes,No,3,Yes,1,3.0,3.0,Quick delivery,Irrelevant product suggestions,390846,Regular Customer,2
2023/06/09 7:28:09 PM GMT+5:30,12,Male,Less than once a month,Groceries and Gourmet Food;Beauty and Personal Care;Clothing and Fashion;others,No,Multiple times a day,Others,Multiple pages,5.0,Yes,Rarely,Changed my mind or no longer need the item,Always,No,3,No,0,4.0,3.0,Quick delivery,Product quality and accuracy,431698,Regular Customer,1
2023/06/11 10:58:09 PM GMT+5:30,60,Prefer not to say,Less than once a month,Clothing and Fashion;Home and Kitchen;others,Yes,Few times a week,Categories,First page,5.0,Maybe,Often,High shipping costs,Sometimes,Yes,2,No,1,2.0,1.0,Customer service ,UI,940337,At-Risk Customer,2
2023/06/05 8:44:09 PM GMT+5:30,11,Prefer not to say,Once a week,Groceries and Gourmet Food;Beauty and Personal Care;Clothing and Fashion,Yes,Few times a month,Keyword,First page,5.0,Yes,Always,Found a better price elsewhere,Rarely,No,2,Yes,1,5.0,5.0,Wide product selection,Product quality and accuracy,906467,Frequent Buyer,0
2023/06/07 10:56:11 AM GMT+5:30,37,Prefer not to say,Once a week,Beauty and Personal Care;Clothing and Fashion;Home and Kitchen;others,Yes,Rarely,Filter,Multiple pages,1.0,Yes,Never,High shipping costs,Sometimes,Yes,4,Sometimes,2,4.0,5.0,Customer service,.,992225,Frequent Buyer,0
2023/06/09 7:24:06 PM GMT+5:30,3,Male,Few times a month,Groceries and Gourmet Food;Beauty and Personal Care;Clothing and Fashion;Home and Kitchen;others,Yes,Multiple times a day,Keyword,First page,5.0,No,Never,High shipping costs,Sometimes,No,4,Sometimes,2,2.0,1.0,Customer service ,I don't have any problem with Amazon,206341,At-Risk Customer,2
2023/06/09 10:26:26 AM GMT+5:30,37,Others,Once a month,Beauty and Personal Care;Clothing and Fashion;others,Yes,Rarely,Others,First page,1.0,Maybe,Always,Found a better price elsewhere,Often,No,1,Sometimes,2,3.0,5.0,All the above,I don't have any problem with Amazon,203831,Occasional Shopper,0
2023/06/09 10:26:26 AM GMT+5:30,30,Female,Few times a month,Clothing and Fashion;Home and Kitchen,Sometimes,Few times a week,Keyword,Multiple pages,5.0,Yes,Sometimes,Found a better price elsewhere,Always,No,3,No,2,1.0,5.0,Customer service ,Nil,259676,Regular Customer,0
2023/06/07 2:19:05 PM GMT+5:30,3,Others,Multiple times a week,Groceries and Gourmet Food;Beauty and Personal Care;Clothing and Fashion;Home and Kitchen;others,Sometimes,Few times a week,Keyword,First page,1.0,No,Never,others,Always,Yes,4,Yes,2,2.0,1.0,Wide product selection,Customer service responsiveness,175149,At-Risk Customer,2
2023/06/05 12:37:54 AM GMT+5:30,23,Prefer not to say,Less than once a month,Home and Kitchen,No,Few times a week,Keyword,First page,4.0,Yes,Sometimes,others,Never,Yes,1,Yes,0,2.0,4.0,Quick delivery,User interface ,106974,Regular Customer,0
2023/06/06 11:06:30 PM GMT+5:30,45,Female,Once a month,Clothing and Fashion,Sometimes,Multiple times a day,Keyword,Multiple pages,3.0,Yes,Always,Changed my mind or no longer need the item,Sometimes,Yes,4,No,2,2.0,1.0,Wide product selection,Product quality and accuracy,303601,At-Risk Customer,2
2023/06/09 2:23:03 PM GMT+5:30,40,Male,Multiple times a week,Groceries and Gourmet Food;Clothing and Fashion;Home and Kitchen,Sometimes,Few times a week,Filter,Multiple pages,1.0,No,Never,High shipping costs,Never,No,1,Yes,2,2.0,2.0,User-friendly website/app interface,I have no problem with Amazon yet. But others tell me about the refund issues ,669225,At-Risk Customer,2
2023/06/08 2:21:41 PM GMT+5:30,36,Prefer not to say,Once a week,Groceries and Gourmet Food;Clothing and Fashion;Home and Kitchen;others,Sometimes,Rarely,Filter,Multiple pages,4.0,No,Sometimes,Changed my mind or no longer need the item,Always,Yes,3,Sometimes,0,3.0,1.0,User-friendly website/app interface,Quality of product is very poor according to the big offers,845374,At-Risk Customer,1
2023/06/05 2:24:22 PM GMT+5:30,8,Female,Multiple times a week,Beauty and Personal Care;Clothing and Fashion;Home and Kitchen,Sometimes,Rarely,Categories,Multiple pages,2.0,Yes,Rarely,others,Often,Yes,0,No,2,2.0,3.0,Product recommendations,Shipping speed and reliability,940732,Regular Customer,2
2023/06/09 2:40:21 PM GMT+5:30,15,Female,Less than once a month,Beauty and Personal Care;Clothing and Fashion,No,Few times a week,Others,Multiple pages,1.0,Maybe,Always,High shipping costs,Never,Yes,3,Sometimes,2,1.0,5.0,All the above,User interface ,802457,Regular Customer,0
2023/06/12 3:42:05 PM GMT+5:30,47,Male,Multiple times a week,Clothing and Fashion,Yes,Rarely,Categories,Multiple pages,2.0,Yes,Never,High shipping costs,Rarely,No,4,No,0,2.0,5.0,Customer service,Shipping speed and reliability,376320,Regular Customer,0
2023/06/09 9:39:04 AM GMT+5:30,59,Male,Multiple times a week,Clothing and Fashion;others,Sometimes,Few times a week,Filter,First page,3.0,Yes,Sometimes,High shipping costs,Often,No,3,Yes,2,1.0,3.0,User-friendly website/app interface,I have no problem with Amazon yet. But others tell me about the refund issues ,409600,Regular Customer,2
2023/06/11 11:10:14 PM GMT+5:30,27,Others,Once a month,Home and Kitchen,No,Multiple times a day,Keyword,First page,1.0,No,Often,others,Never,Yes,0,No,1,1.0,4.0,Quick delivery,better app interface and lower shipping charges,589020,Occasional Shopper,0
2023/06/08 5:57:34 PM GMT+5:30,9,Prefer not to say,Few times a month,Beauty and Personal Care;others,No,Rarely,Categories,First page,2.0,Yes,Rarely,Found a better price elsewhere,Sometimes,Yes,1,Sometimes,0,3.0,3.0,Product recommendations,Scrolling option would be much better than going to next page,582354,Regular Customer,2
2023/06/05 11:54:52 AM GMT+5:30,13,Prefer not to say,Few times a month,Home and Kitchen;others,Sometimes,Rarely,Keyword,First page,4.0,Yes,Always,Found a better price elsewhere,Sometimes,No,3,No,0,2.0,4.0,Wide product selection,Customer service responsiveness,771743,Regular Customer,0
2023/06/09 2:39:16 PM GMT+5:30,11,Prefer not to say,Once a week,Groceries and Gourmet Food;Beauty and Personal Care;Clothing and Fashion,Yes,Rarely,Keyword,Multiple pages,2.0,No,Often,others,Sometimes,Yes,3,No,1,1.0,1.0,Quick delivery,User interface ,947496,At-Risk Customer,2
2023/06/08 10:39:27 PM GMT+5:30,63,Others,Few times a month,Beauty and Personal Care;others,Yes,Rarely,Keyword,First page,4.0,Yes,Sometimes,High shipping costs,Rarely,Yes,1,Sometimes,1,2.0,2.0,Wide product selection,Shipping speed and reliability,911713,At-Risk Customer,2
2023/06/09 10:58:13 AM GMT+5:30,60,Male,Few times a month,Groceries and Gourmet Food;Beauty and Personal Care;others,No,Few times a week,Categories,Multiple pages,3.0,No,Never,High shipping costs,Sometimes,Yes,1,Sometimes,1,1.0,5.0,All the above,Irrelevant product suggestions,656016,Regular Customer,0
2023/06/11 10:50:44 PM GMT+5:30,54,Female,Once a week,Clothing and Fashion;Home and Kitchen,Yes,Few times a week,Keyword,First page,4.0,Maybe,Always,Changed my mind or no longer need the item,Rarely,No,1,Sometimes,0,1.0,3.0,All the above,Irrelevant product suggestions,497752,Regular Customer,2
2023/06/07 11:41:56 AM GMT+5:30,56,Male,Few times a month,Home and Kitchen;others,Sometimes,Few times a week,Others,First page,1.0,Yes,Often,Found a better price elsewhere,Never,No,4,Sometimes,1,1.0,1.0,All the above,UI,847771,At-Risk Customer,2
2023/06/07 10:07:42 PM GMT+5:30,11,Others,Few times a month,Groceries and Gourmet Food;Beauty and Personal Care;Clothing and Fashion;others,Sometimes,Multiple times a day,Keyword,Multiple pages,4.0,Maybe,Sometimes,High shipping costs,Often,Yes,3,Yes,1,2.0,5.0,Quick delivery,Quality of product is very poor according to the big offers,563131,Regular Customer,0
2023/06/08 7:50:55 PM GMT+5:30,60,Female,Once a week,Beauty and Personal Care;Home and Kitchen,Sometimes,Few times a month,Others,Multiple pages,2.0,No,Often,High shipping costs,Always,Yes,4,Sometimes,2,5.0,5.0,Wide product selection,Quality of product is very poor according to the big offers,552785,Frequent Buyer,0
2023/06/08 5:06:30 PM GMT+5:30,65,Female,Once a month,Beauty and Personal Care;Home and Kitchen,Yes,Few times a month,Others,Multiple pages,3.0,Yes,Sometimes,Changed my mind or no longer need the item,Often,No,0,No,2,3.0,2.0,Competitive prices,Customer service responsiveness,997838,At-Risk Customer,1
2023/06/07 9:35:08 PM GMT+5:30,52,Male,Few times a month,Groceries and Gourmet Food;Clothing and Fashion;Home and Kitchen;others,Yes,Few times a week,Categories,First page,4.0,Yes,Always,High shipping costs,Rarely,Yes,4,No,1,2.0,1.0,Competitive prices,Customer service responsiveness,934309,At-Risk Customer,2
2023/06/07 3:58:52 PM GMT+5:30,35,Female,Once a week,Clothing and Fashion,Yes,Multiple times a day,Filter,First page,3.0,Yes,Sometimes,Changed my mind or no longer need the item,Always,No,3,Sometimes,2,4.0,3.0,Customer service ,Reducing packaging waste,682652,Regular Customer,1
2023/06/07 10:20:09 PM GMT+5:30,7,Male,Once a month,Groceries and Gourmet Food;Beauty and Personal Care;Clothing and Fashion;others,No,Multiple times a day,Filter,First page,4.0,Maybe,Often,Changed my mind or no longer need the item,Often,No,4,No,0,5.0,2.0,Wide product selection,I have no problem with Amazon yet. But others tell me about the refund issues ,304695,At-Risk Customer,1
2023/06/08 10:41:11 PM GMT+5:30,48,Male,Once a week,Beauty and Personal Care;Clothing and Fashion;others,Sometimes,Rarely,Others,First page,4.0,No,Always,Changed my mind or no longer need the item,Sometimes,Yes,0,Sometimes,0,1.0,1.0,Competitive prices,.,655645,At-Risk Customer,2
2023/06/08 5:16:17 PM GMT+5:30,57,Female,Few times a month,Clothing and Fashion;Home and Kitchen;others,Yes,Multiple times a day,Keyword,First page,3.0,Yes,Rarely,Changed my mind or no longer need the item,Never,Yes,1,Yes,2,4.0,1.0,All the above,User interface of app,388596,At-Risk Customer,1
2023/06/08 5:59:25 PM GMT+5:30,57,Female,Once a week,Beauty and Personal Care;Home and Kitchen,No,Few times a month,Keyword,First page,3.0,No,Always,others,Rarely,Yes,4,Sometimes,2,4.0,5.0,.,better app interface and lower shipping charges,417089,Frequent Buyer,0
2023/06/08 3:30:05 AM GMT+5:30,39,Others,Once a week,Home and Kitchen,No,Multiple times a day,Keyword,Multiple pages,1.0,Maybe,Always,others,Always,Yes,1,Sometimes,0,2.0,5.0,Wide product selection,Scrolling option would be much better than going to next page,537779,Frequent Buyer,0
2023/06/10 11:21:59 PM GMT+5:30,49,Prefer not to say,Once a month,Groceries and Gourmet Food;Beauty and Personal Care;Clothing and Fashion;others,No,Multiple times a day,Keyword,Multiple pages,3.0,Yes,Often,Changed my mind or no longer need the item,Sometimes,No,3,Yes,2,4.0,4.0,.,Scrolling option would be much better than going to next page,271936,Occasional Shopper,0
2023/06/07 9:20:34 AM GMT+5:30,48,Prefer not to say,Less than once a month,Groceries and Gourmet Food;Beauty and Personal Care;Home and Kitchen,Yes,Few times a month,Categories,Multiple pages,4.0,Maybe,Always,Found a better price elsewhere,Often,No,0,No,0,5.0,4.0,Customer service,Quality of product is very poor according to the big offers,257344,Regular Customer,1
2023/06/07 9:19:23 AM GMT+5:30,23,Female,Once a month,Beauty and Personal Care;Clothing and Fashion,No,Multiple times a day,Filter,Multiple pages,3.0,Maybe,Never,Found a better price elsewhere,Rarely,No,3,Yes,1,4.0,5.0,Customer service ,Shipping speed and reliability,394096,Occasional Shopper,0
2023/06/11 11:24:21 PM GMT+5:30,4,Female,Multiple times a week,Groceries and Gourmet Food;Clothing and Fashion;Home and Kitchen;others,Yes,Few times a month,Categories,Multiple pages,4.0,No,Often,others,Sometimes,Yes,3,No,1,2.0,4.0,Customer service ,User interface of app,319614,Regular Customer,0
2023/06/12 2:41:58 PM GMT+5:30,61,Male,Few times a month,Beauty and Personal Care;others,Yes,Few times a month,Others,Multiple pages,2.0,Yes,Always,others,Rarely,No,3,No,1,2.0,3.0,User-friendly website/app interface,better app interface and lower shipping charges,995904,Regular Customer,2
2023/06/04 8:01:45 PM GMT+5:30,33,Others,Multiple times a week,others,Sometimes,Multiple times a day,Filter,First page,1.0,Maybe,Always,High shipping costs,Sometimes,Yes,3,No,2,5.0,5.0,Customer service,I don't have any problem with Amazon,935653,Regular Customer,0
2023/06/07 10:11:28 PM GMT+5:30,51,Female,Few times a month,Home and Kitchen;others,No,Few times a week,Filter,Multiple pages,5.0,Maybe,Never,others,Always,Yes,2,No,0,4.0,5.0,User-friendly website/app interface,UI,752449,Regular Customer,0
2023/06/06 6:57:14 PM GMT+5:30,38,Female,Once a month,Clothing and Fashion;Home and Kitchen,No,Rarely,Filter,Multiple pages,5.0,No,Often,Changed my mind or no longer need the item,Sometimes,No,4,No,0,1.0,1.0,Customer service,Product quality and accuracy,623749,At-Risk Customer,2
2023/06/09 9:34:07 AM GMT+5:30,20,Prefer not to say,Multiple times a week,Beauty and Personal Care;Clothing and Fashion;others,Yes,Few times a week,Filter,Multiple pages,1.0,No,Sometimes,Changed my mind or no longer need the item,Often,Yes,4,Yes,2,4.0,4.0,Wide product selection,Reducing packaging waste,192547,Regular Customer,0
2023/06/08 5:42:23 PM GMT+5:30,50,Male,Less than once a month,Groceries and Gourmet Food;Home and Kitchen;others,Sometimes,Few times a month,Keyword,Multiple pages,5.0,Maybe,Never,others,Sometimes,No,0,No,2,5.0,5.0,Competitive prices,I don't have any problem with Amazon,925105,Regular Customer,0
2023/06/06 2:07:12 PM GMT+5:30,22,Others,Once a week,Beauty and Personal Care;Home and Kitchen;others,No,Few times a month,Categories,First page,1.0,No,Always,Found a better price elsewhere,Always,Yes,0,Yes,2,2.0,2.0,User-friendly website/app interface,User interface ,828993,At-Risk Customer,2
2023/06/09 2:36:46 PM GMT+5:30,29,Male,Multiple times a week,Groceries and Gourmet Food;Beauty and Personal Care;Clothing and Fashion;others,Yes,Rarely,Keyword,First page,5.0,No,Sometimes,High shipping costs,Never,No,1,No,0,3.0,4.0,Product recommendations,Add more familiar brands to the list,458869,Regular Customer,0
2023/06/05 8:44:09 PM GMT+5:30,27,Prefer not to say,Once a month,Groceries and Gourmet Food;Beauty and Personal Care;Clothing and Fashion;Home and Kitchen,No,Rarely,Keyword,First page,1.0,No,Sometimes,Changed my mind or no longer need the item,Rarely,No,0,Sometimes,0,3.0,4.0,Wide product selection,Nil,986781,Occasional Shopper,0
2023/06/06 7:16:28 PM GMT+5:30,46,Female,Once a week,Groceries and Gourmet Food;Clothing and Fashion;Home and Kitchen;others,Yes,Rarely,Keyword,Multiple pages,1.0,No,Often,Changed my mind or no longer need the item,Always,No,1,Sometimes,1,5.0,1.0,Customer service,Product quality and accuracy,533645,At-Risk Customer,1
2023/06/08 5:11:27 PM GMT+5:30,24,Male,Once a month,Groceries and Gourmet Food;Beauty and Personal Care;others,Sometimes,Few times a month,Keyword,First page,2.0,Yes,Never,Changed my mind or no longer need the item,Never,Yes,3,No,0,3.0,3.0,All the above,No problems with Amazon,489066,Occasional Shopper,2
2023/06/11 10:44:01 PM GMT+5:30,5,Prefer not to say,Few times a month,Beauty and Personal Care;Clothing and Fashion;others,Yes,Few times a month,Keyword,First page,4.0,Yes,Always,Found a better price elsewhere,Sometimes,Yes,0,Sometimes,1,4.0,2.0,.,Quality of product is very poor according to the big offers,705393,At-Risk Customer,1
2023/06/05 8:46:09 PM GMT+5:30,38,Prefer not to say,Less than once a month,Groceries and Gourmet Food;Beauty and Personal Care,Yes,Few times a week,Filter,Multiple pages,2.0,Maybe,Sometimes,others,Often,No,4,Sometimes,2,1.0,2.0,Competitive prices,I have no problem with Amazon yet. But others tell me about the refund issues ,954650,At-Risk Customer,2
2023/06/05 8:52:01 PM GMT+5:30,42,Others,Less than once a month,Groceries and Gourmet Food;Clothing and Fashion;Home and Kitchen,Yes,Multiple times a day,Keyword,Multiple pages,3.0,Maybe,Always,Found a better price elsewhere,Sometimes,Yes,2,Sometimes,1,4.0,5.0,Wide product selection,better app interface and lower shipping charges,238659,Regular Customer,0
2023/06/04 9:29:59 PM GMT+5:30,36,Prefer not to say,Less than once a month,Groceries and Gourmet Food;Beauty and Personal Care;Clothing and Fashion;Home and Kitchen,No,Few times a week,Categories,Multiple pages,2.0,Yes,Rarely,High shipping costs,Never,Yes,2,Yes,2,1.0,2.0,Competitive prices,User interface ,829116,At-Risk Customer,2
2023/06/09 9:35:19 AM GMT+5:30,62,Male,Multiple times a week,Beauty and Personal Care;Clothing and Fashion,Sometimes,Rarely,Categories,Multiple pages,5.0,Yes,Never,Found a better price elsewhere,Often,Yes,1,No,2,3.0,3.0,Competitive prices,Irrelevant product suggestions,348347,Regular Customer,2
2023/06/06 6:43:32 PM GMT+5:30,39,Others,Once a month,Beauty and Personal Care;Home and Kitchen,Yes,Few times a month,Filter,Multiple pages,5.0,Yes,Always,Found a better price elsewhere,Often,No,2,Yes,1,2.0,3.0,Competitive prices,No problems with Amazon,946844,Occasional Shopper,2
2023/06/11 11:21:30 PM GMT+5:30,23,Others,Few times a month,Clothing and Fashion,Sometimes,Rarely,Keyword,First page,5.0,No,Rarely,others,Rarely,Yes,0,Yes,1,1.0,4.0,Customer service,Quality of product is very poor according to the big offers,731501,Regular Customer,0
2023/06/05 9:56:02 PM GMT+5:30,16,Male,Less than once a month,Groceries and Gourmet Food;Clothing and Fashion,Sometimes,Rarely,Filter,Multiple pages,2.0,Maybe,Always,others,Sometimes,No,0,Sometimes,1,2.0,4.0,Product recommendations,User interface ,517492,Regular Customer,0
2023/06/11 10:55:58 PM GMT+5:30,31,Prefer not to say,Once a week,Groceries and Gourmet Food;Clothing and Fashion;others,No,Few times a month,Keyword,First page,4.0,No,Sometimes,High shipping costs,Never,Yes,1,Sometimes,2,5.0,1.0,Wide product selection,Customer service responsiveness,426330,At-Risk Customer,1
2023/06/12 4:02:53 PM GMT+5:30,22,Female,Once a month,Home and Kitchen;others,No,Few times a month,Categories,First page,1.0,Maybe,Often,Found a better price elsewhere,Always,No,4,No,1,3.0,3.0,Product recommendations,User interface ,110452,Occasional Shopper,2
2023/06/11 11:10:59 PM GMT+5:30,65,Female,Once a week,Groceries and Gourmet Food;Beauty and Personal Care,Yes,Rarely,Keyword,First page,4.0,Maybe,Always,Changed my mind or no longer need the item,Never,No,1,Sometimes,2,2.0,2.0,All the above,Add more familiar brands to the list,833323,At-Risk Customer,2
2023/06/07 5:26:20 PM GMT+5:30,59,Female,Few times a month,Groceries and Gourmet Food;Clothing and Fashion;Home and Kitchen;others,Sometimes,Rarely,Keyword,First page,1.0,Yes,Never,High shipping costs,Always,No,1,No,0,1.0,2.0,User-friendly website/app interface,I don't have any problem with Amazon,850538,At-Risk Customer,2
2023/06/04 9:29:59 PM GMT+5:30,24,Male,Few times a month,Beauty and Personal Care,Sometimes,Rarely,Others,Multiple pages,1.0,No,Sometimes,High shipping costs,Rarely,No,4,Sometimes,0,1.0,2.0,Product recommendations,Customer service responsiveness,550443,At-Risk Customer,2
2023/06/07 2:19:05 PM GMT+5:30,34,Prefer not to say,Few times a month,Home and Kitchen,Sometimes,Multiple times a day,Keyword,Multiple pages,1.0,Maybe,Never,Found a better price elsewhere,Sometimes,Yes,3,Yes,1,1.0,2.0,Wide product selection,.,984944,At-Risk Customer,2
2023/06/09 3:10:36 PM GMT+5:30,38,Others,Multiple times a week,Groceries and Gourmet Food;Beauty and Personal Care;Home and Kitchen,No,Few times a month,Categories,First page,5.0,No,Sometimes,Found a better price elsewhere,Rarely,No,2,Sometimes,1,3.0,5.0,Competitive prices,Product quality and accuracy,940689,Regular Customer,0
2023/06/11 11:20:18 PM GMT+5:30,34,Male,Once a month,Groceries and Gourmet Food;Beauty and Personal Care;Home and Kitchen,Yes,Multiple times a day,Categories,First page,5.0,No,Always,others,Always,No,4,Yes,1,3.0,2.0,Customer service,User interface ,378898,At-Risk Customer,1
2023/06/11 10:50:44 PM GMT+5:30,57,Male,Multiple times a week,others,Sometimes,Multiple times a day,Keyword,First page,5.0,Maybe,Always,Found a better price elsewhere,Never,Yes,0,Sometimes,2,4.0,1.0,User-friendly website/app interface,Irrelevant product suggestions,349477,At-Risk Customer,1
2023/06/06 10:46:31 AM GMT+5:30,14,Male,Once a month,Beauty and Personal Care;Home and Kitchen;others,No,Multiple times a day,Filter,First page,5.0,Yes,Sometimes,others,Never,No,2,Yes,2,3.0,4.0,Product recommendations,UI,577780,Occasional Shopper,0
2023/06/07 11:10:09 PM GMT+5:30,19,Prefer not to say,Multiple times a week,Groceries and Gourmet Food;Clothing and Fashion;others,Yes,Rarely,Filter,First page,2.0,Yes,Often,Changed my mind or no longer need the item,Never,Yes,4,Sometimes,1,3.0,2.0,Customer service ,Shipping speed and reliability,694908,At-Risk Customer,1
2023/06/11 11:16:58 PM GMT+5:30,42,Male,Once a week,Groceries and Gourmet Food;Clothing and Fashion;Home and Kitchen,Sometimes,Rarely,Keyword,Multiple pages,2.0,No,Often,High shipping costs,Never,Yes,4,Yes,1,5.0,5.0,All the above,User interface of app,446445,Frequent Buyer,0
2023/06/09 3:24:36 PM GMT+5:30,46,Prefer not to say,Once a month,Groceries and Gourmet Food;Beauty and Personal Care;Clothing and Fashion;Home and Kitchen;others,No,Multiple times a day,Keyword,Multiple pages,2.0,Maybe,Sometimes,Changed my mind or no longer need the item,Sometimes,Yes,4,Yes,1,3.0,2.0,All the above,Add more familiar brands to the list,697231,At-Risk Customer,1
2023/06/06 6:32:00 PM GMT+5:30,30,Others,Once a month,Clothing and Fashion;others,No,Multiple times a day,Filter,Multiple pages,2.0,Yes,Never,others,Sometimes,Yes,4,Sometimes,0,3.0,1.0,All the above,No problems with Amazon,801367,At-Risk Customer,1
2023/06/07 11:41:56 AM GMT+5:30,62,Others,Multiple times a week,Clothing and Fashion,Yes,Rarely,Categories,First page,2.0,Maybe,Never,others,Always,Yes,3,No,2,4.0,3.0,Customer service ,Nothing,564030,Regular Customer,1
2023/06/06 6:46:21 PM GMT+5:30,63,Female,Once a week,Groceries and Gourmet Food;Clothing and Fashion;Home and Kitchen,Yes,Rarely,Categories,First page,5.0,Yes,Sometimes,others,Rarely,Yes,1,No,2,5.0,5.0,Competitive prices,I don't have any problem with Amazon,358023,Frequent Buyer,0
2023/06/08 10:54:00 AM GMT+5:30,32,Female,Multiple times a week,Groceries and Gourmet Food;Beauty and Personal Care;Clothing and Fashion,Sometimes,Few times a week,Others,First page,1.0,Yes,Often,Found a better price elsewhere,Never,Yes,0,Sometimes,1,2.0,5.0,User-friendly website/app interface,I have no problem with Amazon yet. But others tell me about the refund issues ,132588,Regular Customer,0
2023/06/06 7:11:13 PM GMT+5:30,24,Others,Few times a month,Groceries and Gourmet Food;Home and Kitchen;others,Yes,Few times a month,Keyword,Multiple pages,5.0,No,Often,Changed my mind or no longer need the item,Always,No,1,No,0,2.0,4.0,All the above,Reducing packaging waste,374922,Regular Customer,0
2023/06/06 7:46:27 PM GMT+5:30,25,Others,Once a month,Groceries and Gourmet Food;Beauty and Personal Care;Clothing and Fashion;Home and Kitchen;others,No,Rarely,Others,First page,3.0,No,Sometimes,Found a better price elsewhere,Never,No,3,No,0,1.0,1.0,Customer service,.,302093,At-Risk Customer,2
2023/06/09 10:26:51 AM GMT+5:30,55,Others,Once a month,Groceries and Gourmet Food;Home and Kitchen,Sometimes,Few times a week,Keyword,First page,3.0,Yes,Never,High shipping costs,Never,Yes,4,No,2,5.0,5.0,Wide product selection,User interface ,761675,Occasional Shopper,0
2023/06/06 6:35:33 PM GMT+5:30,57,Others,Less than once a month,Clothing and Fashion;Home and Kitchen,Sometimes,Rarely,Keyword,First page,5.0,Maybe,Sometimes,Changed my mind or no longer need the item,Often,Yes,3,Yes,1,2.0,4.0,All the above,User interface of app,231994,Regular Customer,0
2023/06/05 10:37:36 AM GMT+5:30,53,Prefer not to say,Once a week,Groceries and Gourmet Food,Yes,Few times a month,Keyword,First page,4.0,Yes,Always,Changed my mind or no longer need the item,Always,No,0,Yes,2,1.0,4.0,Competitive prices,Customer service responsiveness,226503,Frequent Buyer,0
2023/06/11 11:20:57 PM GMT+5:30,60,Others,Once a week,Groceries and Gourmet Food;Clothing and Fashion,Yes,Multiple times a day,Keyword,Multiple pages,5.0,No,Rarely,High shipping costs,Always,No,0,No,2,4.0,4.0,Product recommendations,Scrolling option would be much better than going to next page,275815,Frequent Buyer,0
2023/06/07 9:23:39 PM GMT+5:30,3,Male,Once a week,Groceries and Gourmet Food;Home and Kitchen,No,Multiple times a day,Keyword,First page,3.0,Yes,Never,Changed my mind or no longer need the item,Often,No,1,No,2,3.0,5.0,Quick delivery,I have no problem with Amazon yet. But others tell me about the refund issues ,829085,Frequent Buyer,0
2023/06/09 3:25:33 PM GMT+5:30,57,Prefer not to say,Few times a month,Groceries and Gourmet Food;Home and Kitchen,Yes,Rarely,Others,Multiple pages,5.0,No,Rarely,Found a better price elsewhere,Never,No,4,Sometimes,0,4.0,4.0,User-friendly website/app interface,Nothing,133228,Regular Customer,0
2023/06/12 3:33:53 PM GMT+5:30,26,Female,Once a week,Beauty and Personal Care;Clothing and Fashion,Yes,Multiple times a day,Categories,Multiple pages,2.0,No,Rarely,Found a better price elsewhere,Never,Yes,3,Yes,1,4.0,5.0,Customer service ,No problems with Amazon,608989,Frequent Buyer,0
2023/06/06 8:01:47 PM GMT+5:30,21,Male,Multiple times a week,Groceries and Gourmet Food;Home and Kitchen;others,No,Multiple times a day,Categories,First page,5.0,Maybe,Never,Changed my mind or no longer need the item,Rarely,No,3,No,2,1.0,1.0,Competitive prices,Shipping speed and reliability,603175,At-Risk Customer,2
2023/06/07 10:16:22 PM GMT+5:30,6,Male,Less than once a month,Groceries and Gourmet Food;Beauty and Personal Care;others,Sometimes,Rarely,Filter,Multiple pages,3.0,No,Always,Changed my mind or no longer need the item,Always,Yes,2,No,1,5.0,3.0,Product recommendations,Nothing,745429,Regular Customer,1
2023/06/04 8:52:49 PM GMT+5:30,59,Male,Multiple times a week,Groceries and Gourmet Food;Beauty and Personal Care;Clothing and Fashion;Home and Kitchen,Yes,Multiple times a day,Keyword,Multiple pages,1.0,Maybe,Sometimes,Changed my mind or no longer need the item,Never,Yes,1,Yes,1,2.0,2.0,Customer service ,Nil,479687,At-Risk Customer,2
2023/06/07 9:32:38 AM GMT+5:30,48,Others,Once a week,Groceries and Gourmet Food;Home and Kitchen,Yes,Few times a month,Keyword,Multiple pages,3.0,No,Often,Changed my mind or no longer need the item,Never,Yes,3,Sometimes,0,3.0,1.0,.,Product quality and accuracy,413270,At-Risk Customer,1
2023/06/08 10:38:51 PM GMT+5:30,52,Others,Multiple times a week,Clothing and Fashion;Home and Kitchen;others,Yes,Few times a week,Keyword,Multiple pages,2.0,Yes,Never,Found a better price elsewhere,Never,No,1,Sometimes,1,5.0,4.0,Competitive prices,User interface ,654030,Regular Customer,1
2023/06/06 10:03:52 AM GMT+5:30,32,Female,Few times a month,Groceries and Gourmet Food;Home and Kitchen,No,Few times a week,Others,Multiple pages,4.0,No,Sometimes,Found a better price elsewhere,Often,Yes,1,Yes,1,4.0,2.0,Product recommendations,Shipping speed and reliability,181555,At-Risk Customer,1
2023/06/07 1:49:06 PM GMT+5:30,11,Others,Once a month,Beauty and Personal Care;Home and Kitchen,No,Rarely,Others,First page,2.0,No,Never,High shipping costs,Sometimes,Yes,2,Yes,0,4.0,5.0,.,Shipping speed and reliability,437420,Occasional Shopper,0
2023/06/06 7:02:21 PM GMT+5:30,19,Male,Less than once a month,Groceries and Gourmet Food;Beauty and Personal Care;Clothing and Fashion,No,Few times a month,Categories,Multiple pages,5.0,No,Never,others,Often,No,0,Sometimes,2,3.0,1.0,Customer service ,Reducing packaging waste,349389,At-Risk Customer,1
2023/06/09 10:28:23 AM GMT+5:30,31,Male,Once a month,Groceries and Gourmet Food;Beauty and Personal Care;Clothing and Fashion;others,No,Rarely,Keyword,Multiple pages,2.0,Maybe,Often,High shipping costs,Often,Yes,4,No,0,4.0,1.0,Customer service ,Nothing,183459,At-Risk Customer,1
2023/06/06 7:54:19 PM GMT+5:30,8,Female,Once a month,Clothing and Fashion;others,Sometimes,Rarely,Keyword,First page,4.0,Yes,Often,High shipping costs,Never,No,3,No,0,5.0,1.0,Wide product selection,I have no problem with Amazon yet. But others tell me about the refund issues ,164965,At-Risk Customer,1
2023/06/05 2:25:28 PM GMT+5:30,23,Female,Multiple times a week,Groceries and Gourmet Food;Clothing and Fashion;others,Sometimes,Few times a month,Keyword,First page,2.0,Yes,Rarely,others,Rarely,No,0,Sometimes,0,3.0,4.0,Product recommendations,better app interface and lower shipping charges,321484,Regular Customer,0
2023/06/08 5:37:13 PM GMT+5:30,47,Female,Once a week,Groceries and Gourmet Food,Sometimes,Multiple times a day,Keyword,Multiple pages,5.0,No,Rarely,High shipping costs,Often,Yes,4,Sometimes,1,4.0,3.0,All the above,Customer service responsiveness,545338,Regular Customer,1
2023/06/09 4:33:19 PM GMT+5:30,42,Male,Less than once a month,Beauty and Personal Care;Clothing and Fashion;Home and Kitchen,Yes,Rarely,Others,Multiple pages,3.0,No,Sometimes,Found a better price elsewhere,Often,Yes,1,Sometimes,1,2.0,1.0,Quick delivery,User interface of app,763673,At-Risk Customer,2
2023/06/05 1:27:08 PM GMT+5:30,28,Prefer not to say,Once a month,Beauty and Personal Care;others,Yes,Few times a week,Keyword,First page,1.0,Maybe,Sometimes,Changed my mind or no longer need the item,Always,No,1,Yes,2,5.0,3.0,Competitive prices,Customer service responsiveness,664194,Occasional Shopper,1
2023/06/12 3:53:28 PM GMT+5:30,66,Others,Once a month,Home and Kitchen;others,No,Few times a month,Keyword,Multiple pages,4.0,No,Rarely,others,Sometimes,No,2,Sometimes,2,1.0,3.0,Quick delivery,I don't have any problem with Amazon,669267,Occasional Shopper,2
2023/06/06 11:28:31 PM GMT+5:30,64,Prefer not to say,Less than once a month,Groceries and Gourmet Food,Sometimes,Few times a month,Filter,First page,5.0,Yes,Never,Changed my mind or no longer need the item,Always,Yes,4,Sometimes,2,2.0,5.0,Customer service ,User interface ,119098,Regular Customer,0
2023/06/09 10:58:44 AM GMT+5:30,20,Others,Multiple times a week,Groceries and Gourmet Food;Beauty and Personal Care,Sometimes,Multiple times a day,Filter,First page,4.0,No,Never,High shipping costs,Rarely,Yes,2,Yes,1,4.0,1.0,Wide product selection,I don't have any problem with Amazon,780550,At-Risk Customer,1
2023/06/04 7:48:31 PM GMT+5:30,61,Prefer not to say,Once a week,Clothing and Fashion;Home and Kitchen,Yes,Rarely,Categories,First page,1.0,Maybe,Never,Changed my mind or no longer need the item,Often,Yes,2,Sometimes,1,4.0,1.0,Customer service,Irrelevant product suggestions,346711,At-Risk Customer,1
2023/06/08 5:38:01 PM GMT+5:30,28,Others,Few times a month,Groceries and Gourmet Food;Beauty and Personal Care;Home and Kitchen,No,Multiple times a day,Others,Multiple pages,1.0,Yes,Always,Found a better price elsewhere,Sometimes,No,0,Sometimes,0,5.0,1.0,Customer service ,Reducing packaging waste,956927,At-Risk Customer,1
2023/06/08 7:50:55 PM GMT+5:30,42,Others,Few times a month,Beauty and Personal Care;Home and Kitchen;others,Yes,Multiple times a day,Keyword,Multiple pages,2.0,No,Rarely,Found a better price elsewhere,Often,No,0,Sometimes,2,1.0,4.0,Competitive prices,Customer service responsiveness,170329,Regular Customer,0
2023/06/09 3:19:53 PM GMT+5:30,66,Prefer not to say,Once a week,Beauty and Personal Care;Clothing and Fashion;others,No,Few times a week,Categories,Multiple pages,3.0,Yes,Rarely,High shipping costs,Often,Yes,4,No,1,3.0,2.0,Customer service,Customer service responsiveness,140986,At-Risk Customer,1
2023/06/09 3:25:33 PM GMT+5:30,28,Female,Few times a month,Groceries and Gourmet Food;Beauty and Personal Care,Sometimes,Few times a month,Others,First page,1.0,Maybe,Often,others,Often,Yes,1,Yes,0,3.0,3.0,Wide product selection,User interface ,913747,Regular Customer,2
2023/06/07 2:22:14 PM GMT+5:30,10,Others,Few times a month,Beauty and Personal Care;Home and Kitchen,Sometimes,Few times a week,Categories,Multiple pages,3.0,No,Sometimes,Changed my mind or no longer need the item,Sometimes,Yes,0,No,2,1.0,5.0,Product recommendations,Scrolling option would be much better than going to next page,253645,Regular Customer,0
2023/06/10 2:40:34 PM GMT+5:30,52,Female,Less than once a month,Home and Kitchen,Sometimes,Multiple times a day,Keyword,Multiple pages,3.0,Yes,Never,High shipping costs,Sometimes,Yes,3,Sometimes,1,4.0,2.0,Product recommendations,Scrolling option would be much better than going to next page,362496,At-Risk Customer,1
2023/06/11 10:43:19 PM GMT+5:30,20,Prefer not to say,Once a month,Groceries and Gourmet Food;Beauty and Personal Care;Clothing and Fashion,No,Few times a month,Filter,Multiple pages,3.0,Yes,Always,High shipping costs,Sometimes,No,2,No,2,2.0,4.0,Customer service ,better app interface and lower shipping charges,430412,Occasional Shopper,0
2023/06/04 8:20:42 PM GMT+5:30,29,Others,Once a week,Groceries and Gourmet Food,Yes,Few times a week,Categories,Multiple pages,1.0,Yes,Never,Found a better price elsewhere,Always,Yes,0,Yes,2,1.0,5.0,User-friendly website/app interface,No problems with Amazon,449371,Frequent Buyer,0
2023/06/06 7:15:48 PM GMT+5:30,59,Others,Multiple times a week,Groceries and Gourmet Food;Beauty and Personal Care;others,No,Multiple times a day,Others,First page,3.0,No,Often,Changed my mind or no longer need the item,Rarely,Yes,4,No,0,1.0,4.0,Customer service,User interface of app,266497,Regular Customer,0
2023/06/08 5:32:12 PM GMT+5:30,61,Female,Less than once a month,Beauty and Personal Care;Home and Kitchen,Sometimes,Rarely,Others,First page,3.0,No,Rarely,High shipping costs,Rarely,No,2,No,2,4.0,2.0,Wide product selection,Irrelevant product suggestions,266430,At-Risk Customer,1
2023/06/09 2:39:47 PM GMT+5:30,42,Others,Once a month,Beauty and Personal Care;Clothing and Fashion;Home and Kitchen;others,Sometimes,Rarely,Keyword,Multiple pages,1.0,Yes,Sometimes,Found a better price elsewhere,Sometimes,No,4,Sometimes,1,3.0,1.0,Competitive prices,Nil,168659,At-Risk Customer,1
2023/06/05 10:04:32 PM GMT+5:30,24,Prefer not to say,Less than once a month,Groceries and Gourmet Food;Clothing and Fashion;Home and Kitchen;others,No,Rarely,Filter,Multiple pages,2.0,Maybe,Rarely,Found a better price elsewhere,Always,Yes,4,Yes,2,4.0,4.0,.,Reducing packaging waste,180627,Regular Customer,0
2023/06/05 10:36:38 AM GMT+5:30,38,Female,Multiple times a week,Groceries and Gourmet Food;Beauty and Personal Care;Clothing and Fashion;Home and Kitchen;others,Yes,Few times a month,Categories,First page,3.0,Yes,Always,Found a better price elsewhere,Never,Yes,2,Yes,0,1.0,4.0,Product recommendations,Nil,996592,Regular Customer,0
2023/06/07 9:19:23 AM GMT+5:30,19,Female,Once a week,Groceries and Gourmet Food;Clothing and Fashion,Sometimes,Rarely,Keyword,Multiple pages,3.0,Maybe,Sometimes,others,Rarely,Yes,4,Sometimes,1,1.0,3.0,Quick delivery,Product quality and accuracy,115397,Regular Customer,2
2023/06/04 11:24:41 PM GMT+5:30,60,Others,Multiple times a week,Groceries and Gourmet Food,Yes,Rarely,Categories,First page,5.0,Yes,Often,High shipping costs,Always,No,2,No,1,1.0,3.0,Customer service ,Nothing,501390,Regular Customer,2
2023/06/09 10:59:38 AM GMT+5:30,51,Female,Few times a month,Beauty and Personal Care;Clothing and Fashion;Home and Kitchen,Sometimes,Few times a month,Categories,First page,5.0,Yes,Often,High shipping costs,Rarely,No,2,No,1,1.0,2.0,Customer service ,Product quality and accuracy,864801,At-Risk Customer,2
2023/06/05 10:07:33 PM GMT+5:30,3,Male,Once a week,Beauty and Personal Care;Home and Kitchen,No,Few times a month,Categories,First page,5.0,No,Never,others,Never,No,2,No,1,5.0,2.0,User-friendly website/app interface,Add more familiar brands to the list,118694,At-Risk Customer,1
2023/06/06 8:08:19 PM GMT+5:30,60,Male,Multiple times a week,Groceries and Gourmet Food;Beauty and Personal Care;Clothing and Fashion,No,Rarely,Keyword,First page,5.0,Maybe,Rarely,High shipping costs,Never,No,2,Yes,1,5.0,5.0,Product recommendations,I don't have any problem with Amazon,352850,Regular Customer,0
2023/06/05 9:56:08 PM GMT+5:30,39,Male,Few times a month,others,Yes,Rarely,Filter,First page,2.0,Maybe,Rarely,Changed my mind or no longer need the item,Always,No,3,Yes,0,2.0,4.0,Customer service ,Customer service responsiveness,331480,Regular Customer,0
2023/06/12 2:44:47 PM GMT+5:30,63,Others,Multiple times a week,Beauty and Personal Care;Clothing and Fashion;Home and Kitchen;others,Yes,Rarely,Categories,Multiple pages,5.0,Maybe,Always,Found a better price elsewhere,Never,No,2,Yes,0,4.0,1.0,Customer service,better app interface and lower shipping charges,372239,At-Risk Customer,1
2023/06/08 3:26:38 AM GMT+5:30,67,Prefer not to say,Few times a month,Groceries and Gourmet Food;Beauty and Personal Care;Home and Kitchen,Sometimes,Few times a week,Keyword,First page,3.0,No,Sometimes,Changed my mind or no longer need the item,Always,Yes,0,No,0,5.0,1.0,Product recommendations,better app interface and lower shipping charges,715619,At-Risk Customer,1
2023/06/11 11:21:30 PM GMT+5:30,6,Others,Few times a month,Groceries and Gourmet Food;Beauty and Personal Care;Home and Kitchen,Yes,Multiple times a day,Keyword,Multiple pages,3.0,Yes,Never,others,Always,Yes,3,No,0,1.0,4.0,Customer service ,Add more familiar brands to the list,135079,Regular Customer,0
2023/06/06 7:10:55 PM GMT+5:30,36,Others,Multiple times a week,Beauty and Personal Care;Clothing and Fashion,No,Multiple times a day,Others,Multiple pages,5.0,Maybe,Rarely,Found a better price elsewhere,Rarely,Yes,0,No,2,4.0,5.0,User-friendly website/app interface,UI,256914,Regular Customer,0
2023/06/07 10:21:00 PM GMT+5:30,64,Prefer not to say,Once a week,Beauty and Personal Care;Clothing and Fashion,Yes,Few times a week,Keyword,First page,1.0,Maybe,Always,Changed my mind or no longer need the item,Often,Yes,2,Yes,0,5.0,5.0,All the above,better app interface and lower shipping charges,278249,Frequent Buyer,0
2023/06/05 2:56:10 AM GMT+5:30,14,Male,Multiple times a week,Groceries and Gourmet Food;Clothing and Fashion;Home and Kitchen,Yes,Few times a month,Keyword,Multiple pages,5.0,No,Sometimes,High shipping costs,Always,Yes,0,No,2,3.0,2.0,Competitive prices,Customer service responsiveness,646848,At-Risk Customer,1
2023/06/12 2:49:47 PM GMT+5:30,41,Female,Once a week,Beauty and Personal Care,Yes,Few times a week,Filter,Multiple pages,4.0,Yes,Never,High shipping costs,Sometimes,No,2,Yes,1,5.0,2.0,.,.,559785,At-Risk Customer,1
2023/06/06 4:25:49 PM GMT+5:30,11,Others,Once a month,Beauty and Personal Care;Clothing and Fashion;others,No,Multiple times a day,Others,Multiple pages,1.0,No,Rarely,others,Often,No,0,Yes,1,1.0,5.0,User-friendly website/app interface,Customer service responsiveness,958892,Occasional Shopper,0
2023/06/08 3:33:39 AM GMT+5:30,66,Male,Multiple times a week,Beauty and Personal Care;Clothing and Fashion;others,Sometimes,Multiple times a day,Others,Multiple pages,2.0,Yes,Often,Changed my mind or no longer need the item,Rarely,Yes,3,Sometimes,2,5.0,3.0,Customer service ,User interface of app,177417,Regular Customer,1
2023/06/07 1:33:51 PM GMT+5:30,11,Others,Few times a month,Home and Kitchen;others,Yes,Rarely,Keyword,First page,3.0,Yes,Often,others,Always,No,1,No,0,5.0,4.0,Product recommendations,No problems with Amazon,595926,Regular Customer,1
2023/06/04 9:48:15 PM GMT+5:30,51,Female,Few times a month,Clothing and Fashion;Home and Kitchen;others,Yes,Rarely,Keyword,First page,2.0,No,Rarely,Found a better price elsewhere,Never,No,3,Sometimes,0,2.0,4.0,User-friendly website/app interface,Reducing packaging waste,687455,Regular Customer,0
2023/06/06 6:37:26 PM GMT+5:30,37,Male,Less than once a month,Beauty and Personal Care;others,Yes,Few times a week,Keyword,Multiple pages,2.0,No,Never,High shipping costs,Rarely,Yes,4,Sometimes,0,4.0,3.0,Customer service ,.,926589,Regular Customer,1
2023/06/08 5:46:49 PM GMT+5:30,3,Others,Multiple times a week,Clothing and Fashion;Home and Kitchen;others,Sometimes,Few times a month,Categories,First page,3.0,Yes,Never,Found a better price elsewhere,Rarely,Yes,4,Sometimes,1,3.0,1.0,Customer service,Customer service responsiveness,544536,At-Risk Customer,1
2023/06/06 6:41:11 PM GMT+5:30,62,Others,Once a week,Home and Kitchen,Sometimes,Few times a month,Keyword,First page,1.0,Yes,Always,High shipping costs,Never,Yes,3,Sometimes,0,2.0,3.0,All the above,Irrelevant product suggestions,729354,Regular Customer,2
2023/06/06 11:28:31 PM GMT+5:30,30,Male,Multiple times a week,Clothing and Fashion;others,No,Few times a month,Keyword,First page,4.0,Yes,Sometimes,others,Rarely,Yes,0,Yes,0,2.0,4.0,Product recommendations,Irrelevant product suggestions,142138,Regular Customer,0
2023/06/09 9:34:07 AM GMT+5:30,24,Prefer not to say,Multiple times a week,Clothing and Fashion;others,Yes,Few times a month,Categories,Multiple pages,2.0,No,Never,High shipping costs,Sometimes,No,2,Sometimes,2,1.0,4.0,Customer service ,I don't have any problem with Amazon,858515,Regular Customer,0
2023/06/07 2:33:56 PM GMT+5:30,66,Others,Multiple times a week,Groceries and Gourmet Food;Beauty and Personal Care;Home and Kitchen,No,Rarely,Categories,Multiple pages,3.0,No,Rarely,Found a better price elsewhere,Often,No,3,Yes,2,3.0,3.0,User-friendly website/app interface,Customer service responsiveness,224855,Regular Customer,2
2023/06/09 10:58:13 AM GMT+5:30,49,Female,Less than once a month,Beauty and Personal Care;Clothing and Fashion;others,No,Few times a month,Categories,Multiple pages,1.0,Maybe,Sometimes,others,Rarely,No,1,No,0,4.0,3.0,Wide product selection,Nothing,443511,Regular Customer,1
2023/06/04 10:24:47 PM GMT+5:30,63,Male,Less than once a month,Groceries and Gourmet Food;Clothing and Fashion,Yes,Rarely,Categories,First page,2.0,No,Rarely,Changed my mind or no longer need the item,Sometimes,Yes,0,Sometimes,0,2.0,4.0,Wide product selection,Nothing,281062,Regular Customer,0
2023/06/07 10:44:42 PM GMT+5:30,51,Male,Few times a month,Beauty and Personal Care;Clothing and Fashion;Home and Kitchen,Sometimes,Rarely,Categories,First page,2.0,No,Never,Found a better price elsewhere,Rarely,Yes,3,Yes,2,3.0,4.0,Customer service ,Nil,938062,Regular Customer,0
2023/06/08 3:26:38 AM GMT+5:30,32,Female,Once a month,Groceries and Gourmet Food;Clothing and Fashion,No,Rarely,Keyword,First page,4.0,Maybe,Often,others,Often,Yes,0,Yes,2,1.0,4.0,Wide product selection,Shipping speed and reliability,320530,Occasional Shopper,0
2023/06/11 10:42:48 PM GMT+5:30,40,Others,Once a month,Beauty and Personal Care,No,Rarely,Keyword,Multiple pages,4.0,No,Always,others,Always,Yes,2,Yes,0,4.0,2.0,Wide product selection,Quality of product is very poor according to the big offers,560700,At-Risk Customer,1
2023/06/11 10:49:49 PM GMT+5:30,61,Female,Once a month,Beauty and Personal Care;Clothing and Fashion,Yes,Rarely,Others,First page,4.0,Yes,Sometimes,High shipping costs,Often,No,1,No,1,1.0,5.0,.,Product quality and accuracy,295549,Occasional Shopper,0
2023/06/11 11:05:38 PM GMT+5:30,29,Others,Multiple times a week,Groceries and Gourmet Food;Clothing and Fashion;Home and Kitchen;others,No,Rarely,Keyword,First page,4.0,Yes,Never,Found a better price elsewhere,Sometimes,No,2,No,1,3.0,3.0,Quick delivery,No problems with Amazon,707529,Regular Customer,2
2023/06/07 3:13:52 PM GMT+5:30,3,Others,Once a week,Clothing and Fashion,Yes,Multiple times a day,Keyword,Multiple pages,3.0,Yes,Often,High shipping costs,Always,Yes,4,No,0,3.0,3.0,Customer service,Reducing packaging waste,707235,Regular Customer,2
2023/06/11 11:01:04 PM GMT+5:30,46,Others,Multiple times a week,Groceries and Gourmet Food;Beauty and Personal Care;Home and Kitchen,No,Few times a week,Keyword,First page,5.0,Yes,Sometimes,Changed my mind or no longer need the item,Always,No,4,No,2,1.0,2.0,Competitive prices,No problems with Amazon,706807,At-Risk Customer,2
2023/06/07 12:27:12 PM GMT+5:30,49,Others,Once a month,Groceries and Gourmet Food;Home and Kitchen,Sometimes,Rarely,Keyword,First page,5.0,Maybe,Always,Found a better price elsewhere,Never,No,4,No,2,2.0,5.0,User-friendly website/app interface,Quality of product is very poor according to the big offers,152500,Occasional Shopper,0
2023/06/06 6:39:26 PM GMT+5:30,43,Prefer not to say,Multiple times a week,Groceries and Gourmet Food;Clothing and Fashion;Home and Kitchen,Yes,Few times a week,Keyword,Multiple pages,1.0,Maybe,Rarely,High shipping costs,Always,No,3,Yes,2,1.0,5.0,Quick delivery,Scrolling option would be much better than going to next page,818698,Regular Customer,0
2023/06/07 2:19:05 PM GMT+5:30,8,Female,Once a week,Home and Kitchen;others,No,Multiple times a day,Keyword,First page,2.0,No,Always,High shipping costs,Rarely,Yes,4,Yes,0,5.0,4.0,Quick delivery,Quality of product is very poor according to the big offers,112547,Frequent Buyer,1
2023/06/04 10:13:28 PM GMT+5:30,54,Male,Multiple times a week,Home and Kitchen,Sometimes,Few times a month,Filter,First page,3.0,Maybe,Always,High shipping costs,Never,No,2,Yes,0,1.0,2.0,Customer service ,.,183711,At-Risk Customer,2
2023/06/06 6:44:50 PM GMT+5:30,37,Prefer not to say,Multiple times a week,Clothing and Fashion;Home and Kitchen,Yes,Rarely,Keyword,Multiple pages,4.0,No,Sometimes,Found a better price elsewhere,Always,Yes,3,Sometimes,0,5.0,5.0,User-friendly website/app interface,Nothing,296464,Regular Customer,0
2023/06/05 12:37:54 AM GMT+5:30,12,Female,Few times a month,Beauty and Personal Care;Home and Kitchen;others,No,Few times a week,Others,Multiple pages,3.0,No,Always,others,Often,No,1,Sometimes,2,3.0,2.0,Competitive prices,Reducing packaging waste,367252,At-Risk Customer,1
2023/06/08 3:30:05 AM GMT+5:30,46,Prefer not to say,Few times a month,Groceries and Gourmet Food;Clothing and Fashion,Sometimes,Few times a week,Filter,First page,4.0,No,Always,High shipping costs,Rarely,No,1,Sometimes,2,4.0,2.0,.,Shipping speed and reliability,821202,At-Risk Customer,1
2023/06/09 3:23:38 PM GMT+5:30,19,Others,Few times a month,Beauty and Personal Care;Clothing and Fashion;Home and Kitchen,Sometimes,Multiple times a day,Others,First page,1.0,No,Rarely,High shipping costs,Rarely,Yes,0,Yes,0,4.0,5.0,Customer service ,Customer service responsiveness,333209,Regular Customer,0
2023/06/06 7:54:19 PM GMT+5:30,59,Prefer not to say,Few times a month,Groceries and Gourmet Food;Beauty and Personal Care,No,Few times a week,Keyword,Multiple pages,5.0,No,Always,Found a better price elsewhere,Often,Yes,0,Sometimes,0,3.0,3.0,.,User interface ,209424,Regular Customer,2
2023/06/07 9:23:41 PM GMT+5:30,32,Male,Multiple times a week,Groceries and Gourmet Food;Beauty and Personal Care;Clothing and Fashion,Yes,Multiple times a day,Filter,Multiple pages,5.0,No,Sometimes,High shipping costs,Rarely,Yes,0,Yes,2,5.0,4.0,Competitive prices,Add more familiar brands to the list,168965,Regular Customer,1
2023/06/08 5:24:42 PM GMT+5:30,42,Others,Once a week,Beauty and Personal Care;Clothing and Fashion,No,Few times a week,Categories,Multiple pages,3.0,Yes,Rarely,Changed my mind or no longer need the item,Often,No,4,Sometimes,2,3.0,5.0,.,Shipping speed and reliability,852611,Frequent Buyer,0
2023/06/06 7:10:55 PM GMT+5:30,35,Prefer not to say,Once a month,Clothing and Fashion;others,Sometimes,Multiple times a day,Keyword,Multiple pages,2.0,No,Often,others,Never,Yes,3,No,1,2.0,3.0,.,I have no problem with Amazon yet. But others tell me about the refund issues ,243671,Occasional Shopper,2
2023/06/06 6:45:33 PM GMT+5:30,23,Male,Once a month,Beauty and Personal Care;Home and Kitchen;others,Yes,Multiple times a day,Filter,Multiple pages,3.0,Maybe,Rarely,High shipping costs,Never,Yes,3,No,2,5.0,3.0,.,No problems with Amazon,287157,Occasional Shopper,1
2023/06/09 3:17:31 PM GMT+5:30,47,Others,Multiple times a week,Beauty and Personal Care;others,Yes,Rarely,Filter,Multiple pages,5.0,No,Sometimes,High shipping costs,Never,Yes,3,Sometimes,2,1.0,3.0,All the above,Nil,996459,Regular Customer,2
2023/06/12 3:27:59 PM GMT+5:30,44,Female,Once a month,Clothing and Fashion,No,Few times a week,Keyword,Multiple pages,5.0,Yes,Never,High shipping costs,Rarely,No,3,Sometimes,0,2.0,4.0,Customer service,User interface ,902586,Occasional Shopper,0
2023/06/06 6:34:44 PM GMT+5:30,66,Prefer not to say,Multiple times a week,Clothing and Fashion;Home and Kitchen,No,Rarely,Keyword,Multiple pages,5.0,No,Rarely,High shipping costs,Often,Yes,2,Yes,0,1.0,3.0,Quick delivery,Quality of product is very poor according to the big offers,613840,Regular Customer,2
2023/06/09 3:22:15 PM GMT+5:30,18,Male,Multiple times a week,Clothing and Fashion,No,Few times a month,Keyword,First page,4.0,Yes,Never,others,Rarely,Yes,0,No,2,2.0,4.0,.,I have no problem with Amazon yet. But others tell me about the refund issues ,629256,Regular Customer,0
2023/06/09 10:59:38 AM GMT+5:30,29,Male,Few times a month,Groceries and Gourmet Food;Beauty and Personal Care,No,Multiple times a day,Others,Multiple pages,1.0,Yes,Always,others,Sometimes,No,4,Yes,0,4.0,2.0,All the above,.,501000,At-Risk Customer,1
2023/06/08 9:39:55 PM GMT+5:30,49,Prefer not to say,Less than once a month,others,No,Rarely,Filter,Multiple pages,3.0,Yes,Never,High shipping costs,Sometimes,Yes,0,Sometimes,0,5.0,4.0,Customer service,No problems with Amazon,419964,Regular Customer,1
2023/06/08 5:42:27 PM GMT+5:30,53,Female,Less than once a month,Home and Kitchen;others,No,Few times a month,Others,Multiple pages,1.0,No,Never,High shipping costs,Rarely,No,4,No,0,2.0,5.0,.,User interface ,912495,Regular Customer,0
2023/06/08 10:39:27 PM GMT+5:30,17,Male,Once a week,Beauty and Personal Care;Clothing and Fashion;Home and Kitchen,No,Few times a month,Categories,Multiple pages,5.0,Yes,Never,others,Always,No,1,Yes,1,2.0,4.0,Competitive prices,I don't have any problem with Amazon,630204,Frequent Buyer,0
2023/06/12 3:47:01 PM GMT+5:30,65,Male,Once a month,Groceries and Gourmet Food;Beauty and Personal Care;others,Sometimes,Few times a month,Keyword,Multiple pages,1.0,Yes,Rarely,High shipping costs,Never,Yes,0,No,1,1.0,4.0,.,Shipping speed and reliability,802453,Occasional Shopper,0
2023/06/06 9:47:31 AM GMT+5:30,6,Male,Once a week,Groceries and Gourmet Food;Home and Kitchen;others,No,Few times a month,Keyword,Multiple pages,3.0,No,Sometimes,others,Often,Yes,4,Sometimes,0,4.0,2.0,Customer service ,Irrelevant product suggestions,976568,At-Risk Customer,1
2023/06/08 5:13:33 PM GMT+5:30,65,Female,Less than once a month,Clothing and Fashion;Home and Kitchen;others,No,Few times a month,Categories,Multiple pages,2.0,Yes,Always,others,Never,No,1,No,1,1.0,5.0,Customer service ,Quality of product is very poor according to the big offers,111407,Regular Customer,0
2023/06/05 4:46:52 PM GMT+5:30,59,Female,Few times a month,Groceries and Gourmet Food,Yes,Few times a week,Filter,First page,3.0,Maybe,Rarely,Found a better price elsewhere,Often,No,4,No,1,3.0,1.0,Product recommendations,I don't have any problem with Amazon,777313,At-Risk Customer,1
2023/06/05 12:37:54 AM GMT+5:30,43,Male,Multiple times a week,Beauty and Personal Care;Clothing and Fashion;Home and Kitchen,No,Few times a week,Keyword,Multiple pages,1.0,Maybe,Sometimes,Found a better price elsewhere,Sometimes,Yes,1,Sometimes,0,4.0,2.0,Customer service ,Quality of product is very poor according to the big offers,666823,At-Risk Customer,1
2023/06/12 3:59:59 PM GMT+5:30,50,Female,Less than once a month,Beauty and Personal Care;Clothing and Fashion;others,No,Few times a week,Filter,Multiple pages,4.0,Yes,Rarely,Changed my mind or no longer need the item,Never,Yes,3,Yes,2,5.0,5.0,Quick delivery,UI,360815,Regular Customer,0
2023/06/05 10:05:25 PM GMT+5:30,21,Male,Few times a month,Groceries and Gourmet Food;Beauty and Personal Care;Clothing and Fashion;Home and Kitchen;others,Yes,Multiple times a day,Filter,First page,1.0,Yes,Rarely,others,Sometimes,No,3,No,2,2.0,2.0,User-friendly website/app interface,Customer service responsiveness,530861,At-Risk Customer,2
2023/06/12 4:00:56 PM GMT+5:30,18,Male,Less than once a month,Groceries and Gourmet Food;Beauty and Personal Care,No,Few times a week,Filter,Multiple pages,1.0,Maybe,Sometimes,High shipping costs,Often,No,0,Yes,0,4.0,5.0,All the above,Quality of product is very poor according to the big offers,368760,Regular Customer,0
2023/06/08 5:42:27 PM GMT+5:30,46,Female,Once a month,Home and Kitchen;others,Yes,Few times a month,Categories,Multiple pages,3.0,Maybe,Always,Changed my mind or no longer need the item,Never,No,2,No,1,4.0,1.0,.,UI,442434,At-Risk Customer,1
2023/06/06 7:19:43 PM GMT+5:30,63,Male,Once a week,Groceries and Gourmet Food;Beauty and Personal Care;Clothing and Fashion,Sometimes,Multiple times a day,Others,First page,5.0,Maybe,Never,Found a better price elsewhere,Rarely,Yes,0,Sometimes,1,3.0,1.0,.,Customer service responsiveness,833625,At-Risk Customer,1
2023/06/08 10:38:51 PM GMT+5:30,49,Male,Few times a month,Home and Kitchen,No,Few times a week,Categories,First page,2.0,No,Often,others,Always,Yes,0,No,2,3.0,4.0,User-friendly website/app interface,Scrolling option would be much better than going to next page,482826,Regular Customer,0
2023/06/06 7:11:13 PM GMT+5:30,34,Female,Less than once a month,Groceries and Gourmet Food;Beauty and Personal Care;Clothing and Fashion;Home and Kitchen;others,Yes,Rarely,Categories,Multiple pages,3.0,No,Rarely,High shipping costs,Never,Yes,4,No,1,5.0,3.0,Product recommendations,Nil,271183,Regular Customer,1
2023/06/07 1:04:07 PM GMT+5:30,54,Prefer not to say,Once a month,Home and Kitchen;others,No,Few times a month,Categories,Multiple pages,5.0,Maybe,Always,Found a better price elsewhere,Rarely,Yes,1,Sometimes,2,3.0,4.0,User-friendly website/app interface,I don't have any problem with Amazon,472735,Occasional Shopper,0
2023/06/09 10:59:38 AM GMT+5:30,44,Male,Less than once a month,Home and Kitchen;others,No,Few times a month,Filter,Multiple pages,4.0,Yes,Often,High shipping costs,Often,Yes,1,Yes,0,1.0,2.0,User-friendly website/app interface,Scrolling option would be much better than going to next page,819320,At-Risk Customer,2
2023/06/07 10:17:40 PM GMT+5:30,18,Male,Less than once a month,Beauty and Personal Care;Clothing and Fashion;Home and Kitchen;others,Yes,Multiple times a day,Others,Multiple pages,5.0,No,Sometimes,Changed my mind or no longer need the item,Often,No,1,Sometimes,1,2.0,4.0,Quick delivery,I don't have any problem with Amazon,398688,Regular Customer,0
2023/06/08 5:25:40 PM GMT+5:30,64,Female,Less than once a month,Groceries and Gourmet Food;Beauty and Personal Care;Clothing and Fashion;Home and Kitchen;others,Yes,Multiple times a day,Others,Multiple pages,4.0,Maybe,Often,High shipping costs,Often,No,0,Sometimes,2,2.0,2.0,.,Customer service responsiveness,873422,At-Risk Customer,2
2023/06/08 5:39:57 PM GMT+5:30,44,Male,Once a month,Groceries and Gourmet Food;Beauty and Personal Care;Clothing and Fashion;others,Yes,Multiple times a day,Filter,Multiple pages,3.0,No,Rarely,High shipping costs,Never,Yes,2,Sometimes,0,2.0,4.0,Wide product selection,I have no problem with Amazon yet. But others tell me about the refund issues ,157219,Occasional Shopper,0
2023/06/07 11:48:25 AM GMT+5:30,7,Others,Less than once a month,Groceries and Gourmet Food;Beauty and Personal Care,Sometimes,Rarely,Filter,Multiple pages,3.0,Yes,Rarely,Found a better price elsewhere,Never,No,2,Yes,1,1.0,4.0,Product recommendations,User interface of app,151846,Regular Customer,0
2023/06/07 9:53:52 PM GMT+5:30,23,Prefer not to say,Few times a month,Groceries and Gourmet Food,Yes,Rarely,Keyword,Multiple pages,4.0,No,Always,others,Always,No,0,No,2,5.0,2.0,Competitive prices,Scrolling option would be much better than going to next page,875683,At-Risk Customer,1
2023/06/12 3:55:53 PM GMT+5:30,23,Female,Multiple times a week,Beauty and Personal Care;Home and Kitchen;others,Yes,Few times a month,Others,Multiple pages,3.0,No,Always,Found a better price elsewhere,Sometimes,Yes,1,Yes,0,2.0,2.0,Product recommendations,.,296200,At-Risk Customer,2
2023/06/04 10:37:00 PM GMT+5:30,51,Male,Once a week,Groceries and Gourmet Food;Home and Kitchen,Sometimes,Rarely,Filter,Multiple pages,3.0,Yes,Often,Found a better price elsewhere,Never,No,2,No,1,2.0,3.0,Quick delivery,User interface ,884621,Regular Customer,2
2023/06/09 4:30:15 PM GMT+5:30,63,Male,Few times a month,Clothing and Fashion;others,Yes,Rarely,Filter,Multiple pages,3.0,Yes,Always,High shipping costs,Always,No,0,Yes,2,5.0,5.0,All the above,Product quality and accuracy,774681,Regular Customer,0
2023/06/12 3:52:33 PM GMT+5:30,53,Female,Once a month,Groceries and Gourmet Food;Clothing and Fashion;Home and Kitchen;others,Sometimes,Rarely,Filter,Multiple pages,2.0,Maybe,Never,Changed my mind or no longer need the item,Never,Yes,1,Sometimes,2,5.0,3.0,Wide product selection,Nil,538974,Occasional Shopper,1
2023/06/11 11:21:30 PM GMT+5:30,19,Others,Once a month,Beauty and Personal Care;Clothing and Fashion;others,No,Few times a week,Others,Multiple pages,3.0,Maybe,Always,Found a better price elsewhere,Never,No,3,Sometimes,0,4.0,2.0,Competitive prices,User interface ,379759,At-Risk Customer,1
2023/06/06 6:38:49 PM GMT+5:30,38,Prefer not to say,Once a week,Beauty and Personal Care;Clothing and Fashion;Home and Kitchen;others,Sometimes,Few times a week,Others,Multiple pages,5.0,Maybe,Often,others,Always,Yes,2,Yes,2,1.0,2.0,All the above,Irrelevant product suggestions,332273,At-Risk Customer,2
2023/06/12 2:51:24 PM GMT+5:30,6,Others,Once a month,Groceries and Gourmet Food;Beauty and Personal Care;Clothing and Fashion;Home and Kitchen,Yes,Multiple times a day,Filter,Multiple pages,3.0,Yes,Always,others,Sometimes,No,4,Yes,2,5.0,5.0,Product recommendations,.,653960,Occasional Shopper,0
2023/06/06 6:40:30 PM GMT+5:30,48,Male,Few times a month,Clothing and Fashion;Home and Kitchen;others,No,Rarely,Others,First page,2.0,No,Often,others,Never,No,1,Yes,2,4.0,1.0,All the above,I have no problem with Amazon yet. But others tell me about the refund issues ,610430,At-Risk Customer,1
2023/06/05 1:37:01 PM GMT+5:30,44,Female,Few times a month,Groceries and Gourmet Food;Clothing and Fashion;others,No,Rarely,Filter,First page,1.0,Yes,Always,Changed my mind or no longer need the item,Never,No,1,Yes,1,4.0,4.0,Wide product selection,Nothing,578940,Regular Customer,0
2023/06/11 11:02:11 PM GMT+5:30,27,Others,Once a month,Home and Kitchen;others,No,Few times a month,Filter,First page,4.0,No,Always,others,Rarely,No,2,Sometimes,1,5.0,1.0,Quick delivery,Product quality and accuracy,999877,At-Risk Customer,1
2023/06/07 8:41:53 PM GMT+5:30,65,Male,Multiple times a week,Groceries and Gourmet Food;Beauty and Personal Care;Clothing and Fashion,Sometimes,Rarely,Others,Multiple pages,5.0,Yes,Often,Changed my mind or no longer need the item,Rarely,Yes,1,Sometimes,1,2.0,5.0,.,I have no problem with Amazon yet. But others tell me about the refund issues ,163525,Regular Customer,0
2023/06/06 7:39:44 PM GMT+5:30,41,Female,Once a week,Clothing and Fashion,Yes,Rarely,Keyword,Multiple pages,5.0,Maybe,Sometimes,High shipping costs,Always,No,2,Sometimes,1,4.0,1.0,Customer service,.,844299,At-Risk Customer,1
2023/06/11 10:57:34 PM GMT+5:30,30,Male,Multiple times a week,Groceries and Gourmet Food,Sometimes,Few times a month,Keyword,First page,3.0,Maybe,Never,Found a better price elsewhere,Sometimes,Yes,2,Yes,1,2.0,5.0,.,.,157991,Regular Customer,0
2023/06/11 11:10:14 PM GMT+5:30,26,Others,Once a month,Groceries and Gourmet Food;Clothing and Fashion;Home and Kitchen;others,Sometimes,Rarely,Keyword,Multiple pages,2.0,No,Sometimes,Changed my mind or no longer need the item,Always,No,4,Yes,2,2.0,1.0,Customer service ,Nil,197327,At-Risk Customer,2
2023/06/08 10:54:00 AM GMT+5:30,33,Prefer not to say,Less than once a month,Groceries and Gourmet Food;Beauty and Personal Care;Clothing and Fashion;others,Yes,Few times a week,Keyword,Multiple pages,2.0,Maybe,Often,Changed my mind or no longer need the item,Often,No,3,No,0,3.0,2.0,Customer service,User interface of app,300459,At-Risk Customer,1
2023/06/06 6:57:14 PM GMT+5:30,20,Prefer not to say,Less than once a month,Beauty and Personal Care;Home and Kitchen;others,No,Few times a month,Others,First page,4.0,No,Often,High shipping costs,Never,No,2,Yes,1,5.0,1.0,Wide product selection,.,298325,At-Risk Customer,1
2023/06/11 10:47:42 PM GMT+5:30,53,Male,Multiple times a week,Clothing and Fashion;others,Yes,Few times a week,Others,First page,2.0,Yes,Rarely,Changed my mind or no longer need the item,Sometimes,Yes,0,Yes,0,4.0,5.0,Wide product selection,User interface ,639186,Regular Customer,0
2023/06/05 6:49:25 PM GMT+5:30,7,Others,Multiple times a week,Groceries and Gourmet Food;Clothing and Fashion;Home and Kitchen,Yes,Multiple times a day,Keyword,First page,4.0,Maybe,Often,High shipping costs,Often,Yes,1,Yes,2,1.0,3.0,Product recommendations,User interface ,758966,Regular Customer,2
2023/06/09 9:37:15 AM GMT+5:30,16,Female,Less than once a month,Beauty and Personal Care;Clothing and Fashion,Sometimes,Few times a week,Others,Multiple pages,3.0,Maybe,Never,others,Always,No,0,No,0,2.0,2.0,Competitive prices,User interface ,870613,At-Risk Customer,2
2023/06/09 4:31:06 PM GMT+5:30,47,Male,Once a month,Clothing and Fashion;Home and Kitchen;others,No,Rarely,Keyword,Multiple pages,2.0,Yes,Often,High shipping costs,Sometimes,Yes,3,No,2,2.0,2.0,All the above,No problems with Amazon,605617,At-Risk Customer,2
2023/06/07 9:18:55 PM GMT+5:30,53,Others,Few times a month,Groceries and Gourmet Food;Clothing and Fashion,No,Few times a week,Keyword,Multiple pages,2.0,No,Often,Changed my mind or no longer need the item,Always,No,3,Yes,2,4.0,5.0,User-friendly website/app interface,Customer service responsiveness,394680,Regular Customer,0
2023/06/08 5:55:15 PM GMT+5:30,26,Others,Multiple times a week,Groceries and Gourmet Food;Beauty and Personal Care;Clothing and Fashion,Sometimes,Multiple times a day,Filter,Multiple pages,5.0,Maybe,Always,Changed my mind or no longer need the item,Always,Yes,0,Sometimes,1,2.0,1.0,Wide product selection,better app interface and lower shipping charges,482664,At-Risk Customer,2
2023/06/11 10:44:46 PM GMT+5:30,19,Prefer not to say,Few times a month,others,No,Multiple times a day,Others,First page,2.0,Yes,Always,High shipping costs,Often,No,4,No,2,2.0,3.0,Quick delivery,Nothing,820985,Regular Customer,2
2023/06/07 9:18:29 PM GMT+5:30,31,Others,Multiple times a week,Groceries and Gourmet Food;Home and Kitchen,No,Few times a week,Others,First page,3.0,Yes,Often,Found a better price elsewhere,Never,No,4,Sometimes,1,1.0,2.0,Customer service ,Add more familiar brands to the list,932851,At-Risk Customer,2
2023/06/11 10:51:27 PM GMT+5:30,23,Others,Few times a month,Groceries and Gourmet Food;Beauty and Personal Care;Clothing and Fashion;Home and Kitchen;others,Yes,Few times a week,Filter,Multiple pages,1.0,Maybe,Never,High shipping costs,Always,Yes,0,Sometimes,1,2.0,5.0,Competitive prices,I have no problem with Amazon yet. But others tell me about the refund issues ,847317,Regular Customer,0
2023/06/06 6:38:03 PM GMT+5:30,20,Prefer not to say,Multiple times a week,Groceries and Gourmet Food;Home and Kitchen;others,Sometimes,Few times a week,Keyword,Multiple pages,3.0,Yes,Often,Found a better price elsewhere,Always,No,2,Sometimes,0,3.0,2.0,Customer service,Reducing packaging waste,518580,At-Risk Customer,1
2023/06/06 7:41:36 PM GMT+5:30,55,Prefer not to say,Few times a month,Beauty and Personal Care;Clothing and Fashion;others,No,Rarely,Categories,Multiple pages,3.0,Yes,Rarely,others,Often,No,0,Yes,1,5.0,2.0,Product recommendations,UI,637862,At-Risk Customer,1
2023/06/07 6:28:35 PM GMT+5:30,50,Prefer not to say,Once a week,Beauty and Personal Care;Clothing and Fashion;Home and Kitchen,No,Few times a month,Others,Multiple pages,4.0,Maybe,Sometimes,Changed my mind or no longer need the item,Sometimes,No,3,Sometimes,2,5.0,4.0,All the above,Shipping speed and reliability,843468,Frequent Buyer,1
2023/06/08 10:54:00 AM GMT+5:30,58,Male,Once a month,Beauty and Personal Care;Clothing and Fashion;Home and Kitchen;others,Yes,Rarely,Filter,First page,4.0,Yes,Never,others,Never,Yes,4,No,2,2.0,1.0,Wide product selection,I don't have any problem with Amazon,120615,At-Risk Customer,2
2023/06/09 7:24:06 PM GMT+5:30,21,Prefer not to say,Less than once a month,Groceries and Gourmet Food;Clothing and Fashion;Home and Kitchen,Yes,Multiple times a day,Keyword,First page,5.0,No,Never,Found a better price elsewhere,Rarely,Yes,1,Yes,1,2.0,1.0,Product recommendations,Quality of product is very poor according to the big offers,510256,At-Risk Customer,2
2023/06/08 10:54:00 AM GMT+5:30,19,Others,Once a week,Groceries and Gourmet Food;Beauty and Personal Care;others,Sometimes,Few times a month,Others,First page,3.0,Yes,Never,Changed my mind or no longer need the item,Sometimes,No,4,No,0,4.0,1.0,Quick delivery,Scrolling option would be much better than going to next page,512837,At-Risk Customer,1
2023/06/06 7:18:52 PM GMT+5:30,28,Others,Once a week,Clothing and Fashion;others,Yes,Few times a week,Keyword,First page,5.0,No,Never,Found a better price elsewhere,Often,No,0,Sometimes,1,1.0,5.0,Quick delivery,Shipping speed and reliability,684249,Frequent Buyer,0
2023/06/11 11:22:55 PM GMT+5:30,57,Others,Few times a month,Groceries and Gourmet Food,Yes,Rarely,Categories,Multiple pages,3.0,No,Never,Found a better price elsewhere,Never,No,0,Sometimes,1,5.0,2.0,All the above,Product quality and accuracy,262249,At-Risk Customer,1
2023/06/11 11:15:03 PM GMT+5:30,60,Female,Once a week,Beauty and Personal Care;Clothing and Fashion;others,No,Multiple times a day,Keyword,First page,4.0,Maybe,Rarely,High shipping costs,Sometimes,Yes,2,Sometimes,0,1.0,3.0,.,I don't have any problem with Amazon,363616,Regular Customer,2
2023/06/05 4:50:44 PM GMT+5:30,15,Male,Few times a month,Groceries and Gourmet Food,Yes,Rarely,Keyword,Multiple pages,5.0,Maybe,Sometimes,Found a better price elsewhere,Often,No,0,Sometimes,2,2.0,5.0,Competitive prices,UI,210816,Regular Customer,0
2023/06/06 6:43:32 PM GMT+5:30,24,Prefer not to say,Once a week,Clothing and Fashion;others,No,Few times a week,Categories,Multiple pages,3.0,No,Often,Found a better price elsewhere,Never,Yes,2,Yes,2,2.0,5.0,Quick delivery,Nil,109262,Frequent Buyer,0
2023/06/05 2:21:37 PM GMT+5:30,51,Male,Less than once a month,Groceries and Gourmet Food;Home and Kitchen;others,Sometimes,Multiple times a day,Keyword,First page,5.0,Maybe,Often,Changed my mind or no longer need the item,Always,No,2,Yes,0,3.0,2.0,Quick delivery,User interface ,169297,At-Risk Customer,1
2023/06/04 7:45:33 PM GMT+5:30,17,Prefer not to say,Once a week,Beauty and Personal Care,Sometimes,Few times a week,Filter,First page,5.0,Yes,Sometimes,High shipping costs,Often,Yes,4,No,1,1.0,3.0,Wide product selection,Quality of product is very poor according to the big offers,604759,Regular Customer,2
2023/06/11 11:22:19 PM GMT+5:30,65,Male,Once a month,Groceries and Gourmet Food;Clothing and Fashion;Home and Kitchen,Sometimes,Multiple times a day,Others,Multiple pages,2.0,Maybe,Rarely,High shipping costs,Always,Yes,3,No,0,5.0,4.0,Customer service,Quality of product is very poor according to the big offers,695431,Occasional Shopper,1
2023/06/06 7:39:44 PM GMT+5:30,15,Male,Less than once a month,Beauty and Personal Care;Clothing and Fashion,Sometimes,Multiple times a day,Others,First page,5.0,Maybe,Rarely,Changed my mind or no longer need the item,Often,Yes,4,Yes,1,2.0,3.0,.,No problems with Amazon,730269,Regular Customer,2
2023/06/07 10:35:06 PM GMT+5:30,7,Female,Once a month,Groceries and Gourmet Food;Beauty and Personal Care,No,Few times a month,Categories,Multiple pages,2.0,Yes,Sometimes,others,Never,No,1,No,0,4.0,2.0,Competitive prices,Scrolling option would be much better than going to next page,284270,At-Risk Customer,1
2023/06/07 11:47:07 AM GMT+5:30,29,Female,Once a month,Groceries and Gourmet Food;Clothing and Fashion;Home and Kitchen,Yes,Few times a week,Categories,First page,2.0,Yes,Always,others,Always,No,1,No,0,1.0,4.0,Product recommendations,better app interface and lower shipping charges,863190,Occasional Shopper,0
2023/06/08 5:11:27 PM GMT+5:30,26,Others,Multiple times a week,Groceries and Gourmet Food;Beauty and Personal Care;Clothing and Fashion;others,Yes,Few times a week,Keyword,Multiple pages,5.0,Maybe,Rarely,others,Often,No,4,Yes,2,3.0,4.0,Competitive prices,.,414785,Regular Customer,0
2023/06/09 3:26:38 PM GMT+5:30,41,Others,Few times a month,Groceries and Gourmet Food;Clothing and Fashion,Sometimes,Few times a month,Keyword,Multiple pages,2.0,Maybe,Sometimes,Found a better price elsewhere,Rarely,No,2,No,1,3.0,4.0,Quick delivery,No problems with Amazon,487621,Regular Customer,0
2023/06/09 3:06:37 PM GMT+5:30,35,Prefer not to say,Once a month,Groceries and Gourmet Food;Beauty and Personal Care,Yes,Few times a month,Keyword,First page,4.0,No,Never,High shipping costs,Always,No,4,No,0,3.0,5.0,Wide product selection,Shipping speed and reliability,646566,Occasional Shopper,0
2023/06/07 9:23:39 PM GMT+5:30,12,Female,Once a month,Groceries and Gourmet Food;Beauty and Personal Care;Clothing and Fashion;Home and Kitchen,Sometimes,Few times a week,Filter,Multiple pages,2.0,Maybe,Always,others,Rarely,Yes,4,Yes,1,3.0,2.0,.,No problems with Amazon,828505,At-Risk Customer,1
2023/06/09 10:26:01 AM GMT+5:30,4,Others,Once a week,Beauty and Personal Care,Yes,Few times a week,Categories,Multiple pages,1.0,Maybe,Often,others,Always,Yes,2,Yes,1,3.0,3.0,All the above,better app interface and lower shipping charges,945830,Regular Customer,2
2023/06/07 10:42:24 PM GMT+5:30,7,Others,Multiple times a week,Groceries and Gourmet Food;Clothing and Fashion,No,Few times a month,Categories,Multiple pages,1.0,Yes,Never,Found a better price elsewhere,Rarely,Yes,2,No,0,5.0,4.0,.,User interface of app,622995,Regular Customer,1
2023/06/04 9:48:15 PM GMT+5:30,34,Prefer not to say,Once a month,Groceries and Gourmet Food;Beauty and Personal Care,No,Few times a week,Keyword,First page,1.0,No,Never,High shipping costs,Often,Yes,3,No,2,5.0,1.0,Product recommendations,Reducing packaging waste,516323,At-Risk Customer,1
2023/06/11 11:18:35 PM GMT+5:30,51,Female,Once a week,Groceries and Gourmet Food;Clothing and Fashion,No,Few times a week,Others,First page,4.0,Yes,Always,others,Sometimes,Yes,3,Sometimes,0,4.0,4.0,Competitive prices,No problems with Amazon,169709,Frequent Buyer,0
2023/06/06 7:10:14 PM GMT+5:30,17,Others,Multiple times a week,Beauty and Personal Care;others,Yes,Few times a week,Others,Multiple pages,3.0,Maybe,Sometimes,Found a better price elsewhere,Sometimes,No,4,Sometimes,0,4.0,3.0,Customer service,User interface ,518883,Regular Customer,1
2023/06/06 6:42:07 PM GMT+5:30,47,Female,Less than once a month,Groceries and Gourmet Food;Beauty and Personal Care;Clothing and Fashion;others,Yes,Few times a month,Filter,First page,4.0,No,Sometimes,High shipping costs,Never,Yes,2,Yes,0,4.0,2.0,All the above,Nil,241794,At-Risk Customer,1
2023/06/06 6:32:36 PM GMT+5:30,65,Male,Once a week,Groceries and Gourmet Food;Beauty and Personal Care;others,No,Rarely,Categories,Multiple pages,3.0,Yes,Always,others,Rarely,No,1,No,2,3.0,1.0,Wide product selection,User interface of app,717689,At-Risk Customer,1
2023/06/07 9:54:56 PM GMT+5:30,62,Others,Few times a month,Beauty and Personal Care;others,Sometimes,Rarely,Keyword,First page,1.0,Maybe,Sometimes,others,Rarely,No,4,No,0,4.0,3.0,Quick delivery,Product quality and accuracy,663920,Regular Customer,1
2023/06/08 5:33:01 PM GMT+5:30,38,Female,Once a week,Groceries and Gourmet Food;Home and Kitchen,Sometimes,Few times a week,Keyword,First page,4.0,Maybe,Sometimes,High shipping costs,Always,No,3,Sometimes,1,2.0,3.0,Competitive prices,I have no problem with Amazon yet. But others tell me about the refund issues ,282037,Regular Customer,2
2023/06/05 6:49:25 PM GMT+5:30,42,Male,Once a week,Groceries and Gourmet Food;Beauty and Personal Care;Clothing and Fashion;Home and Kitchen,Sometimes,Multiple times a day,Others,First page,3.0,No,Never,High shipping costs,Often,Yes,4,No,1,5.0,3.0,Product recommendations,User interface of app,466351,Regular Customer,1
2023/06/08 5:07:19 PM GMT+5:30,21,Male,Once a week,Groceries and Gourmet Food;Beauty and Personal Care;Clothing and Fashion;others,No,Rarely,Keyword,First page,5.0,Maybe,Always,Found a better price elsewhere,Always,No,2,Sometimes,2,1.0,1.0,Competitive prices,Irrelevant product suggestions,490359,At-Risk Customer,2
2023/06/09 10:26:51 AM GMT+5:30,7,Male,Few times a month,Groceries and Gourmet Food;Home and Kitchen;others,Sometimes,Few times a month,Filter,Multiple pages,4.0,Yes,Rarely,others,Rarely,Yes,2,Sometimes,1,5.0,5.0,Customer service ,Nothing,852209,Regular Customer,0
2023/06/11 11:01:04 PM GMT+5:30,39,Female,Multiple times a week,Groceries and Gourmet Food;Beauty and Personal Care;Clothing and Fashion;others,No,Multiple times a day,Keyword,First page,1.0,Maybe,Never,Changed my mind or no longer need the item,Always,No,4,Sometimes,0,1.0,5.0,Wide product selection,Nothing,270601,Regular Customer,0
2023/06/09 10:23:45 AM GMT+5:30,50,Male,Once a month,Groceries and Gourmet Food;Beauty and Personal Care;others,No,Few times a week,Keyword,First page,2.0,Yes,Rarely,High shipping costs,Sometimes,Yes,0,No,2,2.0,1.0,.,Customer service responsiveness,811288,At-Risk Customer,2
2023/06/05 12:05:20 AM GMT+5:30,64,Others,Less than once a month,Groceries and Gourmet Food;Beauty and Personal Care;Home and Kitchen,No,Rarely,Filter,First page,2.0,No,Often,Changed my mind or no longer need the item,Always,Yes,2,Sometimes,1,3.0,2.0,Competitive prices,Nil,917193,At-Risk Customer,1
2023/06/08 5:46:49 PM GMT+5:30,15,Others,Once a week,Clothing and Fashion;Home and Kitchen;others,Yes,Multiple times a day,Keyword,Multiple pages,5.0,Yes,Never,Changed my mind or no longer need the item,Always,Yes,0,No,0,4.0,2.0,Customer service ,I don't have any problem with Amazon,905892,At-Risk Customer,1
2023/06/12 3:54:44 PM GMT+5:30,66,Prefer not to say,Few times a month,Groceries and Gourmet Food,No,Few times a month,Keyword,First page,5.0,No,Sometimes,High shipping costs,Rarely,Yes,0,No,1,5.0,4.0,All the above,I don't have any problem with Amazon,803496,Regular Customer,1
2023/06/11 11:19:45 PM GMT+5:30,53,Male,Once a month,Clothing and Fashion;Home and Kitchen;others,No,Few times a month,Keyword,First page,2.0,Maybe,Always,Found a better price elsewhere,Rarely,Yes,2,No,1,4.0,3.0,Customer service,Irrelevant product suggestions,394286,Occasional Shopper,1
2023/06/04 1:28:19 PM GMT+5:30,60,Male,Once a month,Home and Kitchen,Yes,Few times a month,Keyword,First page,4.0,No,Sometimes,High shipping costs,Never,No,0,Yes,0,5.0,2.0,User-friendly website/app interface,Shipping speed and reliability,280467,At-Risk Customer,1
2023/06/11 11:27:25 PM GMT+5:30,35,Prefer not to say,Once a week,Groceries and Gourmet Food;Clothing and Fashion;others,No,Few times a month,Categories,Multiple pages,3.0,Yes,Always,others,Never,No,4,No,0,3.0,2.0,Product recommendations,User interface ,160234,At-Risk Customer,1
2023/06/05 8:47:42 PM GMT+5:30,64,Female,Once a week,Clothing and Fashion;Home and Kitchen,Sometimes,Few times a week,Filter,Multiple pages,3.0,Yes,Rarely,Changed my mind or no longer need the item,Sometimes,No,4,No,2,3.0,3.0,Customer service ,User interface of app,988830,Regular Customer,2
2023/06/06 6:32:36 PM GMT+5:30,64,Female,Once a month,Groceries and Gourmet Food;Clothing and Fashion;others,Sometimes,Multiple times a day,Filter,Multiple pages,4.0,Yes,Sometimes,others,Always,Yes,2,Yes,2,2.0,1.0,.,I have no problem with Amazon yet. But others tell me about the refund issues ,821149,At-Risk Customer,2
2023/06/11 11:02:55 PM GMT+5:30,63,Others,Few times a month,others,Yes,Few times a month,Keyword,First page,2.0,Maybe,Never,Changed my mind or no longer need the item,Rarely,No,0,No,2,5.0,2.0,User-friendly website/app interface,Irrelevant product suggestions,756034,At-Risk Customer,1
2023/06/11 11:22:55 PM GMT+5:30,45,Male,Once a month,Beauty and Personal Care;others,Sometimes,Few times a month,Others,First page,2.0,Yes,Often,High shipping costs,Always,No,2,Yes,0,4.0,2.0,Customer service ,Quality of product is very poor according to the big offers,942970,At-Risk Customer,1
2023/06/07 4:46:12 PM GMT+5:30,49,Prefer not to say,Once a week,Beauty and Personal Care,Sometimes,Few times a week,Keyword,Multiple pages,2.0,Maybe,Never,High shipping costs,Often,Yes,0,Yes,0,3.0,3.0,Quick delivery,Scrolling option would be much better than going to next page,673876,Regular Customer,2
2023/06/11 11:07:31 PM GMT+5:30,49,Female,Few times a month,Clothing and Fashion;Home and Kitchen;others,Sometimes,Few times a month,Filter,First page,2.0,No,Often,High shipping costs,Sometimes,No,0,Sometimes,2,1.0,2.0,Competitive prices,Product quality and accuracy,779646,At-Risk Customer,2
2023/06/08 5:23:08 PM GMT+5:30,57,Others,Multiple times a week,Beauty and Personal Care;Clothing and Fashion;Home and Kitchen,Yes,Few times a week,Keyword,Multiple pages,5.0,Yes,Rarely,others,Never,Yes,0,Yes,1,5.0,3.0,Competitive prices,Quality of product is very poor according to the big offers,356894,Regular Customer,1
2023/06/09 2:35:29 PM GMT+5:30,43,Prefer not to say,Multiple times a week,others,No,Few times a week,Keyword,First page,4.0,No,Always,others,Sometimes,No,2,No,2,3.0,3.0,Customer service ,Scrolling option would be much better than going to next page,218581,Regular Customer,2
2023/06/05 2:56:10 AM GMT+5:30,66,Others,Multiple times a week,Beauty and Personal Care;Home and Kitchen;others,No,Few times a week,Keyword,Multiple pages,2.0,No,Never,Found a better price elsewhere,Sometimes,Yes,0,Sometimes,2,5.0,5.0,.,I have no problem with Amazon yet. But others tell me about the refund issues ,382258,Regular Customer,0
2023/06/09 9:39:04 AM GMT+5:30,11,Others,Once a month,Groceries and Gourmet Food;Beauty and Personal Care;others,No,Few times a week,Others,First page,1.0,Yes,Sometimes,Found a better price elsewhere,Rarely,Yes,3,Yes,1,5.0,1.0,Competitive prices,User interface of app,877676,At-Risk Customer,1
2023/06/11 11:17:41 PM GMT+5:30,60,Male,Once a month,Clothing and Fashion;Home and Kitchen,Yes,Few times a week,Categories,First page,2.0,No,Rarely,Changed my mind or no longer need the item,Never,No,4,Sometimes,1,3.0,3.0,Quick delivery,better app interface and lower shipping charges,862729,Occasional Shopper,2
2023/06/05 2:21:37 PM GMT+5:30,10,Male,Few times a month,Groceries and Gourmet Food;Clothing and Fashion;Home and Kitchen,Sometimes,Multiple times a day,Filter,First page,1.0,Maybe,Always,others,Always,Yes,1,No,2,3.0,5.0,Competitive prices,Scrolling option would be much better than going to next page,876774,Regular Customer,0
2023/06/12 4:00:56 PM GMT+5:30,59,Others,Few times a month,Home and Kitchen,Yes,Rarely,Others,First page,2.0,Maybe,Always,High shipping costs,Often,No,3,Yes,0,4.0,1.0,Quick delivery,UI,906773,At-Risk Customer,1
2023/06/09 2:41:53 PM GMT+5:30,41,Prefer not to say,Multiple times a week,Clothing and Fashion;Home and Kitchen;others,Yes,Few times a month,Filter,First page,5.0,Yes,Never,High shipping costs,Often,Yes,2,Yes,1,2.0,4.0,User-friendly website/app interface,Irrelevant product suggestions,704405,Regular Customer,0
2023/06/09 4:32:28 PM GMT+5:30,33,Female,Once a month,Groceries and Gourmet Food;Beauty and Personal Care,No,Few times a week,Others,First page,4.0,No,Always,Changed my mind or no longer need the item,Always,Yes,0,Sometimes,1,1.0,4.0,.,Nil,371866,Occasional Shopper,0
2023/06/08 5:39:57 PM GMT+5:30,63,Male,Less than once a month,Groceries and Gourmet Food;Beauty and Personal Care;Home and Kitchen,Yes,Few times a month,Keyword,Multiple pages,4.0,No,Often,High shipping costs,Always,Yes,1,Sometimes,1,5.0,2.0,All the above,I have no problem with Amazon yet. But others tell me about the refund issues ,185138,At-Risk Customer,1
2023/06/04 6:31:41 PM GMT+5:30,54,Male,Multiple times a week,Beauty and Personal Care;Home and Kitchen;others,Sometimes,Few times a month,Filter,First page,2.0,No,Sometimes,High shipping costs,Often,Yes,2,Yes,2,2.0,4.0,.,Customer service responsiveness,927656,Regular Customer,0
2023/06/05 10:06:15 PM GMT+5:30,9,Prefer not to say,Multiple times a week,Beauty and Personal Care;Home and Kitchen,Sometimes,Few times a month,Keyword,Multiple pages,4.0,No,Never,Found a better price elsewhere,Rarely,Yes,1,Yes,1,5.0,5.0,Wide product selection,Reducing packaging waste,667658,Regular Customer,0
2023/06/11 11:06:52 PM GMT+5:30,48,Male,Few times a month,Beauty and Personal Care;Clothing and Fashion,No,Few times a week,Others,Multiple pages,2.0,Yes,Rarely,High shipping costs,Always,Yes,1,Sometimes,1,3.0,4.0,Wide product selection,Add more familiar brands to the list,482111,Regular Customer,0
2023/06/04 7:45:33 PM GMT+5:30,36,Others,Once a week,Beauty and Personal Care;Clothing and Fashion,Sometimes,Few times a week,Filter,Multiple pages,4.0,Maybe,Rarely,Changed my mind or no longer need the item,Never,No,4,Sometimes,1,4.0,2.0,Customer service ,I don't have any problem with Amazon,825883,At-Risk Customer,1
2023/06/09 2:44:09 PM GMT+5:30,31,Male,Few times a month,Beauty and Personal Care;Home and Kitchen;others,Yes,Few times a week,Categories,First page,1.0,Yes,Rarely,Found a better price elsewhere,Often,No,4,No,2,5.0,3.0,Quick delivery,Nothing,923126,Regular Customer,1
2023/06/09 7:24:06 PM GMT+5:30,28,Prefer not to say,Once a month,Beauty and Personal Care;Clothing and Fashion;Home and Kitchen;others,Yes,Rarely,Filter,First page,2.0,Yes,Rarely,High shipping costs,Rarely,Yes,1,Sometimes,0,2.0,2.0,Quick delivery,Scrolling option would be much better than going to next page,670712,At-Risk Customer,2
2023/06/09 2:23:03 PM GMT+5:30,21,Prefer not to say,Few times a month,Beauty and Personal Care;Clothing and Fashion;Home and Kitchen;others,Yes,Few times a month,Keyword,Multiple pages,5.0,No,Never,Found a better price elsewhere,Rarely,No,1,Sometimes,0,4.0,2.0,Competitive prices,I have no problem with Amazon yet. But others tell me about the refund issues ,482965,At-Risk Customer,1
2023/06/06 6:45:33 PM GMT+5:30,26,Female,Less than once a month,Beauty and Personal Care,Sometimes,Few times a week,Keyword,First page,5.0,No,Never,Changed my mind or no longer need the item,Never,Yes,2,No,0,5.0,2.0,Customer service,Customer service responsiveness,295647,At-Risk Customer,1
2023/06/05 8:44:09 PM GMT+5:30,21,Prefer not to say,Few times a month,Groceries and Gourmet Food;Clothing and Fashion;Home and Kitchen,No,Multiple times a day,Keyword,Multiple pages,2.0,No,Never,Found a better price elsewhere,Always,Yes,2,Yes,1,4.0,3.0,Competitive prices,No problems with Amazon,874456,Regular Customer,1
2023/06/08 5:41:46 PM GMT+5:30,25,Female,Less than once a month,Beauty and Personal Care;Clothing and Fashion;others,Sometimes,Rarely,Categories,First page,1.0,No,Rarely,others,Never,Yes,0,Yes,0,1.0,4.0,.,Customer service responsiveness,649815,Regular Customer,0
2023/06/09 4:31:06 PM GMT+5:30,18,Male,Few times a month,Groceries and Gourmet Food;Clothing and Fashion,Sometimes,Multiple times a day,Keyword,First page,3.0,Yes,Always,High shipping costs,Sometimes,No,3,Sometimes,2,2.0,1.0,All the above,Shipping speed and reliability,101391,At-Risk Customer,2
2023/06/05 10:07:33 PM GMT+5:30,63,Male,Once a week,Groceries and Gourmet Food;Beauty and Personal Care,No,Rarely,Keyword,First page,1.0,Maybe,Sometimes,Changed my mind or no longer need the item,Sometimes,No,3,Yes,1,1.0,1.0,.,Shipping speed and reliability,273961,At-Risk Customer,2
2023/06/06 6:46:14 PM GMT+5:30,19,Prefer not to say,Once a week,Home and Kitchen;others,No,Rarely,Categories,First page,2.0,Maybe,Often,others,Always,Yes,1,Sometimes,2,1.0,2.0,Wide product selection,User interface of app,820621,At-Risk Customer,2
2023/06/09 3:10:36 PM GMT+5:30,50,Others,Once a week,Groceries and Gourmet Food,Sometimes,Rarely,Filter,Multiple pages,4.0,Maybe,Always,Found a better price elsewhere,Often,No,4,Yes,0,1.0,3.0,Competitive prices,I have no problem with Amazon yet. But others tell me about the refund issues ,280430,Regular Customer,2
2023/06/11 10:50:44 PM GMT+5:30,8,Female,Few times a month,Groceries and Gourmet Food;Beauty and Personal Care;Clothing and Fashion;Home and Kitchen,Yes,Rarely,Keyword,First page,3.0,No,Always,others,Always,No,3,No,2,2.0,2.0,Competitive prices,I have no problem with Amazon yet. But others tell me about the refund issues ,126064,At-Risk Customer,2
2023/06/07 2:33:56 PM GMT+5:30,6,Male,Less than once a month,Groceries and Gourmet Food;Beauty and Personal Care;others,No,Few times a week,Categories,Multiple pages,4.0,No,Always,others,Sometimes,Yes,0,Sometimes,1,4.0,5.0,Quick delivery,No problems with Amazon,391861,Regular Customer,0
2023/06/07 10:20:09 PM GMT+5:30,46,Female,Multiple times a week,Home and Kitchen;others,Yes,Multiple times a day,Categories,Multiple pages,2.0,Yes,Often,others,Rarely,No,2,No,2,5.0,4.0,Competitive prices,Nothing,692443,Regular Customer,1
2023/06/06 10:07:39 AM GMT+5:30,45,Female,Once a month,others,Sometimes,Few times a month,Others,Multiple pages,3.0,Maybe,Always,Changed my mind or no longer need the item,Often,No,1,No,0,3.0,4.0,Wide product selection,UI,944858,Occasional Shopper,0
2023/06/07 11:10:09 PM GMT+5:30,33,Others,Once a week,Home and Kitchen,No,Few times a month,Others,First page,4.0,No,Rarely,Found a better price elsewhere,Always,Yes,1,Yes,1,1.0,2.0,Customer service,User interface of app,271812,At-Risk Customer,2
2023/06/12 3:44:16 PM GMT+5:30,25,Others,Multiple times a week,Groceries and Gourmet Food;Home and Kitchen,Sometimes,Few times a week,Keyword,Multiple pages,3.0,Maybe,Often,High shipping costs,Sometimes,No,2,Yes,1,1.0,5.0,.,Quality of product is very poor according to the big offers,562864,Regular Customer,0
2023/06/11 11:19:12 PM GMT+5:30,36,Others,Few times a month,Home and Kitchen,Yes,Few times a month,Filter,First page,2.0,Maybe,Never,Changed my mind or no longer need the item,Always,No,2,No,1,1.0,3.0,All the above,I don't have any problem with Amazon,878096,Regular Customer,2
2023/06/11 11:27:55 PM GMT+5:30,44,Female,Once a month,Clothing and Fashion,Sometimes,Rarely,Categories,Multiple pages,2.0,No,Often,Found a better price elsewhere,Sometimes,Yes,1,No,2,4.0,1.0,User-friendly website/app interface,Add more familiar brands to the list,756035,At-Risk Customer,1
2023/06/07 10:38:51 PM GMT+5:30,43,Prefer not to say,Once a month,Beauty and Personal Care,Yes,Few times a month,Keyword,Multiple pages,3.0,Yes,Sometimes,others,Rarely,Yes,1,Yes,0,2.0,5.0,.,Product quality and accuracy,145801,Occasional Shopper,0
2023/06/09 10:25:27 AM GMT+5:30,3,Male,Multiple times a week,Groceries and Gourmet Food;Beauty and Personal Care;Clothing and Fashion;Home and Kitchen;others,No,Multiple times a day,Filter,First page,2.0,Yes,Sometimes,Changed my mind or no longer need the item,Sometimes,No,3,Yes,2,1.0,2.0,Quick delivery,UI,262076,At-Risk Customer,2
2023/06/08 5:48:55 PM GMT+5:30,6,Female,Few times a month,Home and Kitchen;others,No,Rarely,Keyword,First page,3.0,Maybe,Sometimes,High shipping costs,Always,Yes,3,Yes,0,2.0,4.0,Customer service,.,740861,Regular Customer,0
2023/06/04 11:38:30 PM GMT+5:30,55,Prefer not to say,Less than once a month,Groceries and Gourmet Food;Home and Kitchen;others,Yes,Multiple times a day,Filter,First page,5.0,Yes,Rarely,Found a better price elsewhere,Sometimes,Yes,4,No,2,2.0,2.0,User-friendly website/app interface,I don't have any problem with Amazon,249746,At-Risk Customer,2
2023/06/07 2:19:05 PM GMT+5:30,30,Others,Once a month,Clothing and Fashion;Home and Kitchen;others,Sometimes,Rarely,Keyword,Multiple pages,3.0,No,Always,High shipping costs,Rarely,No,0,Sometimes,0,5.0,3.0,Customer service,Add more familiar brands to the list,972947,Occasional Shopper,1
2023/06/12 3:27:59 PM GMT+5:30,24,Female,Once a month,Beauty and Personal Care;Clothing and Fashion;others,Yes,Rarely,Keyword,Multiple pages,1.0,No,Often,High shipping costs,Sometimes,No,4,Yes,0,2.0,5.0,Product recommendations,Product quality and accuracy,670421,Occasional Shopper,0
2023/06/11 10:54:33 PM GMT+5:30,29,Female,Few times a month,Groceries and Gourmet Food;Clothing and Fashion,Yes,Few times a month,Others,First page,3.0,Yes,Never,Changed my mind or no longer need the item,Rarely,No,0,Yes,0,1.0,3.0,Customer service,No problems with Amazon,739168,Regular Customer,2
2023/06/09 7:23:09 PM GMT+5:30,18,Male,Once a week,Groceries and Gourmet Food;Beauty and Personal Care;others,Sometimes,Few times a week,Others,Multiple pages,5.0,No,Sometimes,Found a better price elsewhere,Never,No,1,No,0,4.0,3.0,Product recommendations,Reducing packaging waste,752837,Regular Customer,1
2023/06/07 6:17:42 PM GMT+5:30,25,Prefer not to say,Few times a month,Groceries and Gourmet Food;Beauty and Personal Care;others,Sometimes,Few times a month,Categories,Multiple pages,5.0,No,Never,Found a better price elsewhere,Never,No,4,No,0,1.0,1.0,Competitive prices,User interface ,698159,At-Risk Customer,2
2023/06/08 3:23:36 AM GMT+5:30,56,Male,Few times a month,Groceries and Gourmet Food;Beauty and Personal Care;Clothing and Fashion,Sometimes,Few times a month,Filter,Multiple pages,1.0,No,Sometimes,others,Often,No,2,No,1,4.0,1.0,.,User interface of app,198382,At-Risk Customer,1
2023/06/04 9:18:12 PM GMT+5:30,65,Others,Less than once a month,Groceries and Gourmet Food;Clothing and Fashion;others,Yes,Few times a week,Categories,Multiple pages,2.0,Yes,Always,Changed my mind or no longer need the item,Often,No,2,Sometimes,2,1.0,5.0,Wide product selection,Quality of product is very poor according to the big offers,513315,Regular Customer,0
2023/06/11 9:31:41 AM GMT+5:30,30,Others,Less than once a month,Beauty and Personal Care;others,Sometimes,Few times a week,Filter,First page,1.0,Yes,Sometimes,High shipping costs,Rarely,Yes,3,Yes,1,2.0,3.0,Customer service,I have no problem with Amazon yet. But others tell me about the refund issues ,250655,Regular Customer,2
2023/06/05 8:49:12 PM GMT+5:30,19,Others,Multiple times a week,Groceries and Gourmet Food;Home and Kitchen;others,Yes,Few times a month,Others,Multiple pages,3.0,Maybe,Rarely,Changed my mind or no longer need the item,Often,Yes,4,Yes,1,1.0,2.0,Customer service ,UI,173250,At-Risk Customer,2
2023/06/11 10:43:19 PM GMT+5:30,53,Prefer not to say,Few times a month,Groceries and Gourmet Food;Home and Kitchen,No,Few times a month,Keyword,Multiple pages,4.0,No,Rarely,Changed my mind or no longer need the item,Sometimes,No,2,Sometimes,0,1.0,2.0,Quick delivery,Add more familiar brands to the list,480321,At-Risk Customer,2
2023/06/07 9:21:50 PM GMT+5:30,22,Male,Once a month,Beauty and Personal Care,Sometimes,Few times a month,Filter,Multiple pages,1.0,Maybe,Never,High shipping costs,Always,No,4,No,2,4.0,5.0,Quick delivery,Nothing,589283,Occasional Shopper,0
2023/06/05 8:43:26 AM GMT+5:30,36,Female,Once a month,Groceries and Gourmet Food;Clothing and Fashion;Home and Kitchen,No,Rarely,Others,First page,4.0,Maybe,Never,High shipping costs,Often,No,2,Sometimes,0,2.0,5.0,Quick delivery,better app interface and lower shipping charges,372270,Occasional Shopper,0
2023/06/09 2:42:24 PM GMT+5:30,67,Female,Multiple times a week,Beauty and Personal Care;Clothing and Fashion,No,Rarely,Keyword,Multiple pages,3.0,No,Always,Changed my mind or no longer need the item,Often,Yes,2,No,2,3.0,1.0,Wide product selection,No problems with Amazon,867575,At-Risk Customer,1
2023/06/09 2:41:53 PM GMT+5:30,56,Male,Few times a month,Groceries and Gourmet Food;Home and Kitchen,Sometimes,Few times a month,Categories,First page,3.0,No,Rarely,others,Often,No,2,No,2,4.0,1.0,Quick delivery,No problems with Amazon,126697,At-Risk Customer,1
2023/06/11 11:04:55 PM GMT+5:30,41,Male,Once a month,Groceries and Gourmet Food;Beauty and Personal Care,Yes,Multiple times a day,Keyword,First page,4.0,No,Never,Found a better price elsewhere,Rarely,Yes,4,Yes,2,5.0,2.0,Customer service ,Product quality and accuracy,876289,At-Risk Customer,1
2023/06/12 3:59:59 PM GMT+5:30,3,Male,Less than once a month,Clothing and Fashion,Yes,Few times a week,Others,Multiple pages,1.0,No,Often,Found a better price elsewhere,Never,Yes,1,Yes,0,5.0,3.0,Quick delivery,.,446463,Regular Customer,1
2023/06/07 9:32:38 AM GMT+5:30,32,Others,Once a month,Clothing and Fashion;others,No,Multiple times a day,Categories,Multiple pages,4.0,Yes,Never,High shipping costs,Sometimes,No,4,Yes,2,5.0,5.0,Quick delivery,Shipping speed and reliability,821718,Occasional Shopper,0
2023/06/09 7:26:02 PM GMT+5:30,22,Prefer not to say,Once a month,Clothing and Fashion,Yes,Few times a month,Others,First page,1.0,Maybe,Always,Found a better price elsewhere,Sometimes,Yes,0,No,0,2.0,5.0,Quick delivery,better app interface and lower shipping charges,594959,Occasional Shopper,0
2023/06/07 9:54:24 PM GMT+5:30,61,Others,Once a week,Groceries and Gourmet Food;Home and Kitchen,Sometimes,Few times a month,Keyword,Multiple pages,5.0,Maybe,Never,Found a better price elsewhere,Sometimes,Yes,0,Yes,2,2.0,1.0,User-friendly website/app interface,Nothing,214001,At-Risk Customer,2
2023/06/11 2:07:39 PM GMT+5:30,56,Others,Once a month,others,No,Few times a week,Keyword,Multiple pages,4.0,Maybe,Always,Changed my mind or no longer need the item,Sometimes,No,1,No,0,1.0,1.0,User-friendly website/app interface,Scrolling option would be much better than going to next page,622644,At-Risk Customer,2
2023/06/08 6:00:50 PM GMT+5:30,35,Female,Multiple times a week,Groceries and Gourmet Food;Beauty and Personal Care;Clothing and Fashion;Home and Kitchen,Yes,Few times a week,Keyword,Multiple pages,1.0,Maybe,Always,Found a better price elsewhere,Rarely,Yes,4,Yes,1,2.0,3.0,Customer service,Shipping speed and reliability,954138,Regular Customer,2
2023/06/07 11:06:40 PM GMT+5:30,29,Female,Once a week,Beauty and Personal Care;Clothing and Fashion;others,No,Multiple times a day,Filter,First page,5.0,No,Sometimes,Changed my mind or no longer need the item,Sometimes,No,3,Sometimes,2,5.0,1.0,User-friendly website/app interface,Customer service responsiveness,171707,At-Risk Customer,1
2023/06/06 7:15:48 PM GMT+5:30,52,Others,Less than once a month,Beauty and Personal Care;Clothing and Fashion,Yes,Few times a week,Keyword,Multiple pages,2.0,Maybe,Often,others,Never,Yes,0,Yes,2,1.0,4.0,Wide product selection,Reducing packaging waste,579286,Regular Customer,0
2023/06/06 7:16:28 PM GMT+5:30,44,Others,Once a month,Beauty and Personal Care,Yes,Rarely,Categories,First page,4.0,Maybe,Often,others,Often,No,4,Yes,1,3.0,2.0,Wide product selection,I don't have any problem with Amazon,378228,At-Risk Customer,1
2023/06/06 10:46:31 AM GMT+5:30,57,Female,Less than once a month,Clothing and Fashion;Home and Kitchen;others,No,Rarely,Filter,Multiple pages,4.0,No,Always,High shipping costs,Often,No,0,Yes,2,1.0,2.0,Product recommendations,User interface ,638160,At-Risk Customer,2
2023/06/08 3:30:05 AM GMT+5:30,30,Male,Once a week,Groceries and Gourmet Food;Clothing and Fashion;others,Yes,Few times a month,Others,Multiple pages,3.0,Yes,Never,Changed my mind or no longer need the item,Rarely,No,2,Sometimes,1,2.0,4.0,Product recommendations,Shipping speed and reliability,561516,Frequent Buyer,0
2023/06/06 9:37:33 AM GMT+5:30,25,Male,Few times a month,Groceries and Gourmet Food;Beauty and Personal Care;Home and Kitchen,Sometimes,Multiple times a day,Keyword,Multiple pages,5.0,No,Rarely,Changed my mind or no longer need the item,Never,Yes,4,Yes,1,3.0,5.0,.,Irrelevant product suggestions,111915,Regular Customer,0
2023/06/07 9:24:31 AM GMT+5:30,26,Male,Less than once a month,Clothing and Fashion;Home and Kitchen,Yes,Rarely,Keyword,Multiple pages,2.0,Maybe,Rarely,Changed my mind or no longer need the item,Sometimes,No,2,Yes,0,5.0,1.0,User-friendly website/app interface,No problems with Amazon,576191,At-Risk Customer,1
2023/06/06 10:36:14 AM GMT+5:30,24,Male,Once a week,Beauty and Personal Care;Clothing and Fashion;others,Sometimes,Rarely,Others,Multiple pages,3.0,Maybe,Often,High shipping costs,Sometimes,No,0,Yes,2,3.0,2.0,Wide product selection,Nothing,129887,At-Risk Customer,1
2023/06/07 1:33:51 PM GMT+5:30,44,Female,Multiple times a week,Groceries and Gourmet Food;Clothing and Fashion;others,No,Multiple times a day,Filter,Multiple pages,5.0,No,Never,Changed my mind or no longer need the item,Always,Yes,2,Sometimes,0,1.0,1.0,Product recommendations,Quality of product is very poor according to the big offers,999892,At-Risk Customer,2
2023/06/08 10:21:20 PM GMT+5:30,25,Others,Once a week,Groceries and Gourmet Food;Beauty and Personal Care;Home and Kitchen,Yes,Few times a week,Filter,Multiple pages,5.0,Maybe,Never,Found a better price elsewhere,Never,No,3,Sometimes,2,2.0,4.0,Customer service ,I have no problem with Amazon yet. But others tell me about the refund issues ,394200,Frequent Buyer,0
2023/06/05 9:56:58 AM GMT+5:30,48,Female,Once a week,Clothing and Fashion,Yes,Rarely,Keyword,Multiple pages,3.0,No,Always,Changed my mind or no longer need the item,Sometimes,No,2,Yes,1,3.0,4.0,Competitive prices,Add more familiar brands to the list,793290,Frequent Buyer,0
2023/06/09 2:23:45 PM GMT+5:30,49,Others,Few times a month,Groceries and Gourmet Food;Beauty and Personal Care;Home and Kitchen,No,Multiple times a day,Keyword,First page,4.0,Yes,Often,High shipping costs,Often,No,3,Yes,0,4.0,2.0,User-friendly website/app interface,Product quality and accuracy,290234,At-Risk Customer,1
2023/06/08 7:50:55 PM GMT+5:30,17,Male,Once a week,Beauty and Personal Care;Clothing and Fashion;Home and Kitchen,Sometimes,Rarely,Keyword,First page,1.0,No,Always,High shipping costs,Always,No,4,Yes,2,1.0,4.0,Customer service,Shipping speed and reliability,137072,Frequent Buyer,0
2023/06/08 5:25:40 PM GMT+5:30,36,Male,Once a month,Clothing and Fashion;others,Yes,Rarely,Others,Multiple pages,2.0,Maybe,Never,Found a better price elsewhere,Rarely,No,0,No,0,1.0,2.0,All the above,User interface of app,726158,At-Risk Customer,2
2023/06/07 9:20:34 AM GMT+5:30,66,Male,Once a month,Beauty and Personal Care;Clothing and Fashion,Sometimes,Few times a week,Categories,Multiple pages,5.0,Maybe,Always,High shipping costs,Rarely,No,0,No,1,1.0,2.0,Customer service ,User interface of app,541010,At-Risk Customer,2
2023/06/07 7:17:13 PM GMT+5:30,43,Female,Once a month,Beauty and Personal Care;others,No,Multiple times a day,Keyword,Multiple pages,2.0,No,Sometimes,Changed my mind or no longer need the item,Often,No,3,No,2,2.0,4.0,Customer service ,Product quality and accuracy,256701,Occasional Shopper,0
2023/06/09 7:24:06 PM GMT+5:30,59,Female,Multiple times a week,Beauty and Personal Care,No,Few times a month,Others,First page,5.0,Yes,Always,Changed my mind or no longer need the item,Often,Yes,1,Yes,2,3.0,3.0,Quick delivery,Nil,342717,Regular Customer,2
2023/06/08 5:52:26 PM GMT+5:30,23,Others,Once a week,Clothing and Fashion;Home and Kitchen,Yes,Few times a month,Categories,Multiple pages,3.0,Yes,Always,Found a better price elsewhere,Often,Yes,3,Sometimes,0,4.0,4.0,Wide product selection,I don't have any problem with Amazon,492469,Frequent Buyer,0
2023/06/07 11:00:15 PM GMT+5:30,32,Female,Few times a month,Beauty and Personal Care;Home and Kitchen;others,Yes,Few times a week,Keyword,First page,4.0,Yes,Often,Found a better price elsewhere,Always,No,4,Yes,1,1.0,5.0,User-friendly website/app interface,No problems with Amazon,929341,Regular Customer,0
2023/06/11 11:06:52 PM GMT+5:30,65,Male,Once a month,Groceries and Gourmet Food;Beauty and Personal Care,Sometimes,Few times a month,Categories,Multiple pages,3.0,Maybe,Often,others,Rarely,No,2,Sometimes,2,4.0,2.0,Product recommendations,better app interface and lower shipping charges,510823,At-Risk Customer,1
2023/06/06 7:19:43 PM GMT+5:30,13,Male,Once a week,Clothing and Fashion;Home and Kitchen,Sometimes,Multiple times a day,Categories,Multiple pages,3.0,Yes,Often,Changed my mind or no longer need the item,Rarely,No,2,No,0,2.0,2.0,Customer service ,Product quality and accuracy,671363,At-Risk Customer,2
2023/06/06 6:40:27 PM GMT+5:30,15,Others,Multiple times a week,Groceries and Gourmet Food;Beauty and Personal Care;Clothing and Fashion,Yes,Few times a month,Others,First page,3.0,No,Sometimes,High shipping costs,Always,No,3,Yes,2,5.0,2.0,Customer service ,Nothing,557654,At-Risk Customer,1
2023/06/05 2:24:22 PM GMT+5:30,17,Male,Once a month,Beauty and Personal Care;Clothing and Fashion;Home and Kitchen,Yes,Few times a week,Others,Multiple pages,1.0,Maybe,Often,others,Rarely,Yes,2,Sometimes,1,1.0,2.0,Wide product selection,Nil,318253,At-Risk Customer,2
2023/06/07 8:20:23 PM GMT+5:30,18,Female,Once a week,others,No,Few times a week,Categories,Multiple pages,1.0,Maybe,Sometimes,Found a better price elsewhere,Often,No,2,Sometimes,0,5.0,4.0,Customer service,Add more familiar brands to the list,368973,Frequent Buyer,1
2023/06/08 2:21:41 PM GMT+5:30,31,Male,Few times a month,Beauty and Personal Care;others,No,Rarely,Others,First page,1.0,Maybe,Often,High shipping costs,Sometimes,Yes,4,No,2,4.0,1.0,Quick delivery,Add more familiar brands to the list,423614,At-Risk Customer,1
2023/06/07 9:19:23 AM GMT+5:30,36,Female,Multiple times a week,Groceries and Gourmet Food;Clothing and Fashion,Sometimes,Rarely,Keyword,Multiple pages,2.0,Maybe,Rarely,others,Sometimes,No,3,Yes,2,1.0,4.0,Customer service ,User interface ,661048,Regular Customer,0
2023/06/06 6:57:14 PM GMT+5:30,4,Female,Multiple times a week,Home and Kitchen;others,No,Few times a week,Filter,First page,3.0,Maybe,Rarely,others,Never,Yes,2,Yes,0,3.0,4.0,Wide product selection,I have no problem with Amazon yet. But others tell me about the refund issues ,953478,Regular Customer,0
2023/06/04 8:54:36 PM GMT+5:30,30,Prefer not to say,Once a week,Clothing and Fashion;Home and Kitchen;others,No,Multiple times a day,Others,Multiple pages,3.0,No,Often,Found a better price elsewhere,Rarely,No,3,Yes,0,2.0,4.0,.,No problems with Amazon,801026,Frequent Buyer,0
2023/06/07 9:16:59 PM GMT+5:30,24,Male,Once a month,others,Sometimes,Few times a month,Categories,First page,1.0,Yes,Rarely,others,Rarely,No,0,Yes,1,4.0,2.0,All the above,Customer service responsiveness,861300,At-Risk Customer,1
2023/06/07 11:47:07 AM GMT+5:30,39,Prefer not to say,Multiple times a week,Home and Kitchen;others,Sometimes,Multiple times a day,Keyword,Multiple pages,2.0,Yes,Always,Changed my mind or no longer need the item,Sometimes,Yes,1,No,2,2.0,4.0,Wide product selection,better app interface and lower shipping charges,330351,Regular Customer,0
2023/06/07 6:29:53 PM GMT+5:30,49,Others,Few times a month,Groceries and Gourmet Food;Home and Kitchen;others,No,Rarely,Categories,Multiple pages,3.0,Maybe,Often,Changed my mind or no longer need the item,Never,Yes,0,Sometimes,0,2.0,2.0,.,UI,494520,At-Risk Customer,2
2023/06/06 7:16:28 PM GMT+5:30,51,Male,Once a month,Groceries and Gourmet Food;Beauty and Personal Care;Clothing and Fashion,Yes,Few times a week,Keyword,Multiple pages,1.0,Yes,Always,Changed my mind or no longer need the item,Always,No,1,Sometimes,1,1.0,4.0,Quick delivery,Add more familiar brands to the list,118160,Occasional Shopper,0
2023/06/08 5:07:19 PM GMT+5:30,54,Others,Multiple times a week,Beauty and Personal Care;Home and Kitchen;others,Sometimes,Few times a month,Keyword,First page,2.0,Yes,Never,High shipping costs,Often,Yes,0,No,2,1.0,5.0,All the above,User interface ,991814,Regular Customer,0
2023/06/07 11:05:19 PM GMT+5:30,8,Prefer not to say,Multiple times a week,Beauty and Personal Care;Home and Kitchen;others,Sometimes,Multiple times a day,Others,Multiple pages,5.0,Maybe,Sometimes,others,Sometimes,No,1,Yes,1,1.0,2.0,.,I don't have any problem with Amazon,795173,At-Risk Customer,2
2023/06/06 6:42:00 PM GMT+5:30,29,Male,Once a month,Groceries and Gourmet Food;Beauty and Personal Care;others,Yes,Multiple times a day,Categories,Multiple pages,1.0,Yes,Often,others,Always,Yes,0,Yes,1,2.0,3.0,Wide product selection,Nothing,428050,Occasional Shopper,2
2023/06/08 5:37:58 PM GMT+5:30,34,Male,Few times a month,Groceries and Gourmet Food;Home and Kitchen,Yes,Multiple times a day,Keyword,Multiple pages,4.0,No,Never,Changed my mind or no longer need the item,Never,Yes,3,Sometimes,1,4.0,3.0,.,.,852218,Regular Customer,1
2023/06/09 3:26:38 PM GMT+5:30,62,Female,Multiple times a week,Groceries and Gourmet Food;Home and Kitchen;others,Sometimes,Few times a month,Others,Multiple pages,1.0,Yes,Sometimes,Found a better price elsewhere,Sometimes,Yes,4,No,0,3.0,1.0,Product recommendations,I don't have any problem with Amazon,581774,At-Risk Customer,1
2023/06/11 11:05:38 PM GMT+5:30,21,Prefer not to say,Less than once a month,Beauty and Personal Care;Clothing and Fashion,No,Few times a month,Others,Multiple pages,2.0,No,Always,High shipping costs,Sometimes,No,2,No,1,3.0,2.0,Competitive prices,User interface ,987635,At-Risk Customer,1
2023/06/04 11:12:15 PM GMT+5:30,64,Others,Less than once a month,Groceries and Gourmet Food;Beauty and Personal Care,Yes,Few times a week,Filter,Multiple pages,4.0,Yes,Always,High shipping costs,Sometimes,No,2,No,0,5.0,2.0,.,Quality of product is very poor according to the big offers,116397,At-Risk Customer,1
2023/06/07 9:21:10 PM GMT+5:30,15,Others,Less than once a month,Groceries and Gourmet Food;Beauty and Personal Care,Yes,Few times a month,Categories,First page,1.0,No,Always,High shipping costs,Rarely,No,3,Sometimes,0,2.0,5.0,Customer service ,I have no problem with Amazon yet. But others tell me about the refund issues ,178480,Regular Customer,0
2023/06/12 3:35:24 PM GMT+5:30,56,Male,Few times a month,Groceries and Gourmet Food;Beauty and Personal Care;Clothing and Fashion;Home and Kitchen,Sometimes,Multiple times a day,Keyword,First page,2.0,No,Sometimes,others,Never,Yes,2,No,0,5.0,2.0,Customer service ,Nil,957611,At-Risk Customer,1
2023/06/06 6:35:14 PM GMT+5:30,5,Female,Few times a month,Groceries and Gourmet Food;Home and Kitchen;others,Sometimes,Rarely,Keyword,Multiple pages,4.0,Maybe,Never,Changed my mind or no longer need the item,Always,No,1,No,1,4.0,4.0,User-friendly website/app interface,.,295647,Regular Customer,0
2023/06/05 8:06:04 PM GMT+5:30,33,Others,Once a month,Beauty and Personal Care;Clothing and Fashion;others,Sometimes,Few times a week,Keyword,First page,4.0,Maybe,Sometimes,High shipping costs,Sometimes,Yes,2,Sometimes,2,4.0,3.0,Quick delivery,No problems with Amazon,955147,Occasional Shopper,1
2023/06/11 11:09:33 PM GMT+5:30,10,Others,Less than once a month,Groceries and Gourmet Food;Clothing and Fashion;Home and Kitchen,Yes,Few times a week,Others,First page,1.0,Yes,Never,others,Rarely,No,2,Yes,2,1.0,5.0,Quick delivery,User interface of app,699566,Regular Customer,0
2023/06/11 11:06:16 PM GMT+5:30,50,Female,Once a week,Groceries and Gourmet Food;Beauty and Personal Care;Clothing and Fashion,Yes,Rarely,Others,Multiple pages,2.0,No,Rarely,Changed my mind or no longer need the item,Never,Yes,1,Yes,0,2.0,2.0,User-friendly website/app interface,Nothing,225208,At-Risk Customer,2
2023/06/07 12:29:31 PM GMT+5:30,61,Female,Few times a month,Clothing and Fashion,No,Rarely,Keyword,First page,2.0,Maybe,Sometimes,Changed my mind or no longer need the item,Often,Yes,3,Sometimes,1,1.0,3.0,Product recommendations,Quality of product is very poor according to the big offers,916595,Regular Customer,2
2023/06/08 5:20:57 PM GMT+5:30,28,Female,Multiple times a week,Groceries and Gourmet Food,Yes,Few times a month,Categories,Multiple pages,2.0,Yes,Always,High shipping costs,Never,Yes,0,Sometimes,1,1.0,3.0,Customer service ,Add more familiar brands to the list,852984,Regular Customer,2
2023/06/06 7:22:31 PM GMT+5:30,4,Others,Few times a month,Groceries and Gourmet Food;Clothing and Fashion;others,No,Rarely,Others,Multiple pages,4.0,Maybe,Never,Found a better price elsewhere,Rarely,Yes,0,No,2,5.0,2.0,Wide product selection,I don't have any problem with Amazon,370605,At-Risk Customer,1
2023/06/05 4:26:25 AM GMT+5:30,16,Prefer not to say,Multiple times a week,Groceries and Gourmet Food;Clothing and Fashion;others,Yes,Rarely,Others,Multiple pages,1.0,Maybe,Often,Found a better price elsewhere,Never,No,3,Sometimes,0,5.0,5.0,Product recommendations,Product quality and accuracy,546848,Regular Customer,0
2023/06/05 9:20:17 AM GMT+5:30,8,Others,Multiple times a week,Groceries and Gourmet Food;Clothing and Fashion;Home and Kitchen;others,Yes,Few times a month,Keyword,First page,1.0,Yes,Rarely,Found a better price elsewhere,Always,Yes,4,Yes,0,2.0,5.0,All the above,User interface of app,754039,Regular Customer,0
2023/06/08 7:00:57 AM GMT+5:30,51,Female,Once a week,Groceries and Gourmet Food;Clothing and Fashion;others,No,Multiple times a day,Categories,First page,4.0,Yes,Rarely,others,Always,Yes,2,Sometimes,1,2.0,3.0,Customer service ,Scrolling option would be much better than going to next page,564961,Regular Customer,2
2023/06/07 6:15:10 PM GMT+5:30,34,Prefer not to say,Less than once a month,Beauty and Personal Care;Clothing and Fashion;Home and Kitchen,Yes,Few times a week,Others,Multiple pages,4.0,Maybe,Often,others,Sometimes,Yes,3,Sometimes,0,4.0,2.0,.,UI,597326,At-Risk Customer,1
2023/06/05 1:45:30 PM GMT+5:30,13,Prefer not to say,Less than once a month,others,No,Few times a week,Filter,Multiple pages,2.0,No,Always,High shipping costs,Always,No,0,Yes,0,4.0,4.0,All the above,I have no problem with Amazon yet. But others tell me about the refund issues ,532390,Regular Customer,0
2023/06/07 10:58:04 PM GMT+5:30,17,Prefer not to say,Once a month,Groceries and Gourmet Food;Clothing and Fashion;Home and Kitchen;others,Yes,Few times a week,Filter,First page,2.0,No,Often,Changed my mind or no longer need the item,Sometimes,No,3,No,0,4.0,4.0,Customer service ,I have no problem with Amazon yet. But others tell me about the refund issues ,537414,Occasional Shopper,0
2023/06/07 10:07:42 PM GMT+5:30,28,Male,Once a month,Groceries and Gourmet Food;Beauty and Personal Care;Clothing and Fashion,No,Few times a week,Keyword,First page,3.0,No,Sometimes,Found a better price elsewhere,Never,Yes,3,No,1,3.0,2.0,.,.,516478,At-Risk Customer,1
2023/06/07 10:56:11 AM GMT+5:30,14,Female,Multiple times a week,others,Sometimes,Few times a month,Others,Multiple pages,5.0,Maybe,Sometimes,High shipping costs,Never,No,2,No,0,1.0,5.0,Competitive prices,No problems with Amazon,863309,Regular Customer,0
2023/06/10 2:40:34 PM GMT+5:30,12,Prefer not to say,Multiple times a week,Beauty and Personal Care;others,Yes,Few times a month,Categories,Multiple pages,3.0,Yes,Always,Found a better price elsewhere,Sometimes,No,2,No,2,3.0,2.0,Wide product selection,User interface ,167893,At-Risk Customer,1
2023/06/08 12:22:05 PM GMT+5:30,23,Prefer not to say,Once a week,Beauty and Personal Care;Home and Kitchen;others,Sometimes,Few times a month,Keyword,First page,3.0,Maybe,Never,Found a better price elsewhere,Always,No,2,Sometimes,1,4.0,4.0,Competitive prices,I don't have any problem with Amazon,701131,Frequent Buyer,0
2023/06/05 1:45:30 PM GMT+5:30,19,Others,Less than once a month,Beauty and Personal Care;Clothing and Fashion,No,Multiple times a day,Others,First page,5.0,Yes,Never,High shipping costs,Often,No,2,No,2,1.0,1.0,Customer service,.,641191,At-Risk Customer,2
2023/06/09 4:28:58 PM GMT+5:30,62,Prefer not to say,Few times a month,Groceries and Gourmet Food;Clothing and Fashion;Home and Kitchen,Yes,Few times a month,Categories,First page,3.0,Maybe,Sometimes,Found a better price elsewhere,Often,Yes,4,No,0,2.0,2.0,All the above,.,745134,At-Risk Customer,2
2023/06/04 8:02:28 PM GMT+5:30,22,Others,Once a month,Beauty and Personal Care;Clothing and Fashion,Sometimes,Rarely,Categories,First page,4.0,Yes,Always,High shipping costs,Often,Yes,0,No,1,2.0,3.0,All the above,Add more familiar brands to the list,944437,Occasional Shopper,2
2023/06/08 7:50:55 PM GMT+5:30,3,Male,Once a month,Groceries and Gourmet Food;Home and Kitchen,No,Rarely,Filter,First page,1.0,Yes,Rarely,Found a better price elsewhere,Often,No,3,Sometimes,1,1.0,2.0,All the above,Irrelevant product suggestions,519189,At-Risk Customer,2
2023/06/09 10:26:01 AM GMT+5:30,3,Prefer not to say,Less than once a month,Clothing and Fashion,No,Few times a month,Keyword,First page,4.0,Maybe,Always,others,Often,Yes,4,No,0,2.0,4.0,Quick delivery,No problems with Amazon,518171,Regular Customer,0
2023/06/06 8:01:47 PM GMT+5:30,15,Male,Multiple times a week,Clothing and Fashion;others,Sometimes,Few times a month,Filter,First page,5.0,Yes,Sometimes,Found a better price elsewhere,Sometimes,Yes,2,Yes,2,1.0,5.0,Competitive prices,Product quality and accuracy,425850,Regular Customer,0
2023/06/08 3:25:32 AM GMT+5:30,10,Prefer not to say,Once a week,Home and Kitchen,No,Few times a week,Filter,Multiple pages,3.0,Yes,Often,Found a better price elsewhere,Never,No,4,Yes,2,3.0,2.0,All the above,Irrelevant product suggestions,493938,At-Risk Customer,1
2023/06/08 5:39:57 PM GMT+5:30,34,Others,Multiple times a week,Groceries and Gourmet Food;Beauty and Personal Care;others,No,Multiple times a day,Categories,First page,4.0,Yes,Never,High shipping costs,Rarely,Yes,0,No,1,5.0,1.0,Quick delivery,Add more familiar brands to the list,895346,At-Risk Customer,1
2023/06/07 10:39:21 PM GMT+5:30,43,Others,Multiple times a week,Groceries and Gourmet Food;Clothing and Fashion;Home and Kitchen,No,Few times a week,Keyword,Multiple pages,4.0,No,Sometimes,Found a better price elsewhere,Always,No,3,No,2,2.0,3.0,Customer service,Scrolling option would be much better than going to next page,396957,Regular Customer,2
2023/06/06 6:39:26 PM GMT+5:30,49,Prefer not to say,Once a week,Groceries and Gourmet Food;Beauty and Personal Care;Clothing and Fashion;Home and Kitchen;others,Yes,Rarely,Categories,First page,2.0,Maybe,Often,Found a better price elsewhere,Often,No,2,Sometimes,1,4.0,4.0,User-friendly website/app interface,Scrolling option would be much better than going to next page,752945,Frequent Buyer,0
2023/06/09 10:59:38 AM GMT+5:30,22,Prefer not to say,Once a month,Clothing and Fashion;Home and Kitchen,Yes,Rarely,Others,Multiple pages,2.0,Maybe,Always,others,Sometimes,No,0,No,0,5.0,2.0,Competitive prices,Scrolling option would be much better than going to next page,398629,At-Risk Customer,1
2023/06/07 6:09:58 AM GMT+5:30,6,Female,Multiple times a week,Groceries and Gourmet Food;Beauty and Personal Care;others,Yes,Rarely,Filter,Multiple pages,2.0,Maybe,Always,High shipping costs,Often,No,0,No,2,4.0,5.0,Wide product selection,Quality of product is very poor according to the big offers,766887,Regular Customer,0
2023/06/04 11:24:41 PM GMT+5:30,27,Others,Once a week,Groceries and Gourmet Food;Clothing and Fashion,Sometimes,Rarely,Categories,First page,4.0,No,Never,High shipping costs,Always,No,4,Sometimes,0,3.0,3.0,Customer service ,Product quality and accuracy,524006,Regular Customer,2
2023/06/12 3:51:31 PM GMT+5:30,54,Female,Few times a month,Groceries and Gourmet Food;Clothing and Fashion;others,Sometimes,Rarely,Filter,First page,2.0,No,Never,others,Often,No,4,No,1,1.0,3.0,All the above,UI,972973,Regular Customer,2
2023/06/09 7:22:11 PM GMT+5:30,15,Male,Less than once a month,Groceries and Gourmet Food;Beauty and Personal Care,Sometimes,Few times a week,Filter,Multiple pages,1.0,Yes,Always,others,Sometimes,No,1,Yes,0,2.0,3.0,Customer service,Shipping speed and reliability,416767,Regular Customer,2
2023/06/08 5:25:40 PM GMT+5:30,14,Prefer not to say,Few times a month,Groceries and Gourmet Food;Clothing and Fashion;others,Sometimes,Rarely,Others,Multiple pages,5.0,No,Rarely,Found a better price elsewhere,Never,Yes,4,Yes,2,4.0,2.0,User-friendly website/app interface,User interface ,445384,At-Risk Customer,1
2023/06/09 2:42:57 PM GMT+5:30,7,Others,Less than once a month,Groceries and Gourmet Food;Clothing and Fashion;Home and Kitchen,Yes,Few times a month,Categories,First page,4.0,No,Sometimes,Changed my mind or no longer need the item,Often,Yes,1,Sometimes,0,3.0,4.0,.,No problems with Amazon,708420,Regular Customer,0
2023/06/06 10:19:05 AM GMT+5:30,46,Prefer not to say,Once a month,Clothing and Fashion;others,Sometimes,Multiple times a day,Keyword,First page,4.0,Yes,Rarely,High shipping costs,Sometimes,Yes,3,Sometimes,2,2.0,5.0,.,Scrolling option would be much better than going to next page,678683,Occasional Shopper,0
2023/06/06 6:37:19 PM GMT+5:30,48,Male,Less than once a month,Groceries and Gourmet Food;Beauty and Personal Care;Clothing and Fashion;Home and Kitchen;others,Yes,Few times a week,Filter,Multiple pages,4.0,No,Often,others,Sometimes,No,0,Yes,0,2.0,5.0,User-friendly website/app interface,User interface of app,470230,Regular Customer,0
2023/06/07 11:08:52 PM GMT+5:30,63,Male,Few times a month,Beauty and Personal Care;Clothing and Fashion;Home and Kitchen;others,Sometimes,Multiple times a day,Filter,First page,3.0,No,Always,others,Always,Yes,3,No,2,1.0,2.0,All the above,Scrolling option would be much better than going to next page,752260,At-Risk Customer,2
2023/06/08 5:11:27 PM GMT+5:30,60,Female,Few times a month,Groceries and Gourmet Food;Home and Kitchen,Sometimes,Rarely,Keyword,First page,4.0,Yes,Always,High shipping costs,Sometimes,No,4,Yes,1,4.0,1.0,Customer service ,Shipping speed and reliability,789191,At-Risk Customer,1
2023/06/08 5:36:14 PM GMT+5:30,44,Prefer not to say,Few times a month,Beauty and Personal Care;Clothing and Fashion;Home and Kitchen,Yes,Rarely,Keyword,Multiple pages,5.0,Yes,Never,Changed my mind or no longer need the item,Never,No,0,No,1,5.0,5.0,Customer service,Nothing,470623,Regular Customer,0
2023/06/07 7:17:13 PM GMT+5:30,36,Male,Less than once a month,Beauty and Personal Care;Home and Kitchen,Yes,Few times a week,Keyword,First page,3.0,Yes,Often,High shipping costs,Sometimes,Yes,0,No,2,4.0,1.0,Customer service ,better app interface and lower shipping charges,219304,At-Risk Customer,1
2023/06/08 6:00:20 PM GMT+5:30,4,Male,Few times a month,Groceries and Gourmet Food;Beauty and Personal Care;others,No,Few times a week,Keyword,First page,2.0,Maybe,Always,Changed my mind or no longer need the item,Often,No,3,No,1,2.0,4.0,Customer service,I don't have any problem with Amazon,877438,Regular Customer,0
2023/06/07 11:47:07 AM GMT+5:30,6,Female,Multiple times a week,others,Yes,Few times a month,Keyword,First page,3.0,Maybe,Rarely,Found a better price elsewhere,Rarely,Yes,4,Sometimes,0,3.0,5.0,User-friendly website/app interface,Nothing,687988,Regular Customer,0
2023/06/07 6:18:37 PM GMT+5:30,45,Female,Once a month,Clothing and Fashion,No,Few times a month,Keyword,First page,1.0,Maybe,Always,others,Rarely,No,4,Yes,0,1.0,1.0,Product recommendations,I don't have any problem with Amazon,701685,At-Risk Customer,2
2023/06/04 8:00:11 PM GMT+5:30,40,Prefer not to say,Once a week,Beauty and Personal Care;Clothing and Fashion;others,Yes,Multiple times a day,Categories,First page,5.0,Maybe,Often,Changed my mind or no longer need the item,Sometimes,No,4,Sometimes,1,1.0,5.0,Competitive prices,better app interface and lower shipping charges,350245,Frequent Buyer,0
2023/06/08 10:39:59 PM GMT+5:30,20,Prefer not to say,Once a week,Groceries and Gourmet Food;Beauty and Personal Care;others,Yes,Multiple times a day,Filter,Multiple pages,4.0,No,Rarely,Changed my mind or no longer need the item,Always,Yes,4,No,0,3.0,3.0,Customer service,Product quality and accuracy,571296,Regular Customer,2
2023/06/08 6:00:50 PM GMT+5:30,40,Prefer not to say,Less than once a month,Groceries and Gourmet Food;Clothing and Fashion;others,Sometimes,Rarely,Categories,Multiple pages,2.0,No,Always,Found a better price elsewhere,Often,Yes,0,Sometimes,1,3.0,5.0,Quick delivery,Nil,280308,Regular Customer,0
2023/06/08 3:25:14 AM GMT+5:30,58,Prefer not to say,Less than once a month,Clothing and Fashion;Home and Kitchen;others,Yes,Few times a week,Keyword,First page,3.0,No,Never,High shipping costs,Often,Yes,3,No,2,1.0,5.0,Competitive prices,UI,407738,Regular Customer,0
2023/06/11 10:53:44 PM GMT+5:30,42,Prefer not to say,Less than once a month,Clothing and Fashion;Home and Kitchen;others,Yes,Few times a week,Others,Multiple pages,3.0,Yes,Always,Changed my mind or no longer need the item,Rarely,No,3,No,2,4.0,2.0,All the above,User interface of app,526279,At-Risk Customer,1
2023/06/06 7:15:48 PM GMT+5:30,21,Female,Once a week,Clothing and Fashion;Home and Kitchen;others,Yes,Multiple times a day,Others,First page,2.0,Yes,Sometimes,Changed my mind or no longer need the item,Often,Yes,1,No,2,5.0,3.0,Product recommendations,UI,649238,Regular Customer,1
2023/06/04 7:48:31 PM GMT+5:30,34,Prefer not to say,Once a week,Groceries and Gourmet Food;Home and Kitchen;others,Sometimes,Rarely,Categories,Multiple pages,4.0,Yes,Rarely,High shipping costs,Sometimes,No,1,No,1,1.0,4.0,Customer service,I don't have any problem with Amazon,164861,Frequent Buyer,0
2023/06/04 10:13:28 PM GMT+5:30,10,Male,Few times a month,Beauty and Personal Care;others,Sometimes,Few times a week,Filter,Multiple pages,4.0,Yes,Never,High shipping costs,Always,No,1,Yes,1,3.0,1.0,Competitive prices,Nil,151411,At-Risk Customer,1
2023/06/09 4:29:23 PM GMT+5:30,66,Male,Once a week,Groceries and Gourmet Food;Clothing and Fashion;Home and Kitchen,Sometimes,Few times a month,Others,Multiple pages,5.0,Maybe,Sometimes,Changed my mind or no longer need the item,Often,Yes,3,Yes,1,5.0,2.0,User-friendly website/app interface,.,228480,At-Risk Customer,1
2023/06/08 10:13:41 PM GMT+5:30,4,Others,Few times a month,Beauty and Personal Care;Clothing and Fashion,Yes,Rarely,Others,Multiple pages,1.0,No,Never,Changed my mind or no longer need the item,Sometimes,Yes,4,Sometimes,2,1.0,1.0,Product recommendations,User interface ,148114,At-Risk Customer,2
2023/06/05 1:54:28 PM GMT+5:30,55,Male,Less than once a month,Groceries and Gourmet Food;Clothing and Fashion;Home and Kitchen,No,Multiple times a day,Keyword,First page,2.0,Yes,Always,High shipping costs,Always,No,0,Sometimes,2,1.0,5.0,Customer service ,Customer service responsiveness,920429,Regular Customer,0
2023/06/07 9:19:32 PM GMT+5:30,34,Prefer not to say,Few times a month,Beauty and Personal Care;Clothing and Fashion;others,Yes,Rarely,Categories,First page,3.0,No,Sometimes,High shipping costs,Always,Yes,3,No,0,3.0,3.0,Customer service,No problems with Amazon,176847,Regular Customer,2
2023/06/07 6:29:53 PM GMT+5:30,43,Prefer not to say,Multiple times a week,Groceries and Gourmet Food;Home and Kitchen;others,No,Rarely,Filter,Multiple pages,5.0,No,Rarely,others,Never,Yes,0,No,1,1.0,2.0,All the above,User interface ,586505,At-Risk Customer,2
2023/06/07 5:58:12 PM GMT+5:30,50,Female,Multiple times a week,Groceries and Gourmet Food;Clothing and Fashion;Home and Kitchen;others,No,Few times a month,Keyword,First page,4.0,Maybe,Rarely,Found a better price elsewhere,Never,Yes,1,No,1,4.0,2.0,Wide product selection,User interface ,156132,At-Risk Customer,1
2023/06/08 5:57:03 PM GMT+5:30,14,Female,Once a month,Groceries and Gourmet Food;Clothing and Fashion;others,No,Multiple times a day,Keyword,Multiple pages,5.0,Yes,Sometimes,High shipping costs,Rarely,Yes,4,Yes,1,5.0,5.0,Customer service ,Scrolling option would be much better than going to next page,146964,Occasional Shopper,0
2023/06/04 7:48:31 PM GMT+5:30,37,Prefer not to say,Once a week,Clothing and Fashion;others,Yes,Few times a month,Others,Multiple pages,5.0,Yes,Often,High shipping costs,Always,No,2,No,0,2.0,4.0,Customer service,Irrelevant product suggestions,599956,Frequent Buyer,0
2023/06/05 7:16:40 AM GMT+5:30,25,Female,Once a week,Clothing and Fashion,Sometimes,Multiple times a day,Keyword,Multiple pages,4.0,No,Sometimes,High shipping costs,Rarely,Yes,0,No,1,4.0,3.0,User-friendly website/app interface,Nil,601187,Regular Customer,1
2023/06/04 7:33:12 PM GMT+5:30,5,Female,Once a month,Beauty and Personal Care;Home and Kitchen,Sometimes,Few times a month,Others,Multiple pages,2.0,Maybe,Often,others,Sometimes,Yes,2,Yes,1,4.0,2.0,Wide product selection,Product quality and accuracy,975409,At-Risk Customer,1
2023/06/11 11:07:31 PM GMT+5:30,22,Others,Multiple times a week,Beauty and Personal Care;Home and Kitchen,No,Few times a week,Filter,Multiple pages,5.0,Maybe,Often,Changed my mind or no longer need the item,Rarely,No,1,Yes,1,5.0,5.0,Quick delivery,Nil,300597,Regular Customer,0
2023/06/08 9:17:38 PM GMT+5:30,12,Prefer not to say,Once a week,Clothing and Fashion;others,Sometimes,Few times a week,Filter,Multiple pages,4.0,No,Sometimes,Found a better price elsewhere,Never,Yes,4,No,1,1.0,2.0,Wide product selection,.,912659,At-Risk Customer,2
2023/06/07 2:19:05 PM GMT+5:30,26,Female,Less than once a month,Clothing and Fashion,Sometimes,Few times a month,Keyword,First page,4.0,No,Often,others,Rarely,No,0,No,0,1.0,3.0,Customer service,Nothing,359156,Regular Customer,2
2023/06/09 10:26:01 AM GMT+5:30,38,Prefer not to say,Once a month,Clothing and Fashion;Home and Kitchen;others,Sometimes,Rarely,Keyword,First page,1.0,Yes,Sometimes,others,Never,Yes,2,Yes,0,3.0,5.0,Customer service,Shipping speed and reliability,499640,Occasional Shopper,0
2023/06/07 11:48:25 AM GMT+5:30,25,Male,Once a week,Beauty and Personal Care;Home and Kitchen,No,Multiple times a day,Categories,Multiple pages,5.0,No,Never,Changed my mind or no longer need the item,Sometimes,No,2,Sometimes,1,4.0,4.0,Customer service ,Irrelevant product suggestions,127575,Frequent Buyer,0
2023/06/07 10:10:58 PM GMT+5:30,50,Prefer not to say,Once a month,Beauty and Personal Care,Yes,Few times a month,Keyword,Multiple pages,4.0,No,Often,Found a better price elsewhere,Rarely,No,0,Sometimes,1,2.0,5.0,.,I don't have any problem with Amazon,135979,Occasional Shopper,0
2023/06/08 5:57:03 PM GMT+5:30,3,Female,Few times a month,Groceries and Gourmet Food;Home and Kitchen;others,Sometimes,Few times a month,Filter,First page,2.0,Yes,Often,High shipping costs,Rarely,No,0,Sometimes,2,2.0,3.0,Customer service,.,987932,Regular Customer,2
2023/06/07 6:31:23 PM GMT+5:30,67,Others,Multiple times a week,Beauty and Personal Care;Home and Kitchen,Sometimes,Few times a month,Keyword,Multiple pages,1.0,Yes,Rarely,High shipping costs,Rarely,No,4,No,1,5.0,2.0,Quick delivery,better app interface and lower shipping charges,823657,At-Risk Customer,1
2023/06/11 11:16:58 PM GMT+5:30,16,Female,Few times a month,Beauty and Personal Care;Home and Kitchen;others,Sometimes,Rarely,Filter,First page,4.0,No,Rarely,others,Sometimes,No,3,No,0,2.0,5.0,User-friendly website/app interface,Irrelevant product suggestions,541442,Regular Customer,0
2023/06/07 11:02:45 PM GMT+5:30,15,Prefer not to say,Once a week,Beauty and Personal Care;Clothing and Fashion;Home and Kitchen,Sometimes,Rarely,Keyword,First page,2.0,Maybe,Rarely,High shipping costs,Always,No,2,Yes,1,2.0,5.0,Product recommendations,Quality of product is very poor according to the big offers,889419,Frequent Buyer,0
2023/06/04 11:27:53 PM GMT+5:30,45,Female,Few times a month,Beauty and Personal Care;Home and Kitchen,No,Few times a month,Filter,Multiple pages,4.0,Yes,Often,Changed my mind or no longer need the item,Often,No,4,Sometimes,0,3.0,1.0,Customer service,User interface ,457763,At-Risk Customer,1
2023/06/11 11:10:14 PM GMT+5:30,55,Others,Once a month,Home and Kitchen;others,Yes,Rarely,Keyword,First page,3.0,No,Never,others,Sometimes,Yes,2,Yes,2,3.0,2.0,Customer service ,Customer service responsiveness,720840,At-Risk Customer,1
2023/06/07 9:20:34 AM GMT+5:30,67,Male,Less than once a month,Groceries and Gourmet Food;Clothing and Fashion;others,Yes,Rarely,Keyword,First page,5.0,Maybe,Rarely,others,Never,Yes,1,Sometimes,0,1.0,5.0,Quick delivery,User interface of app,696896,Regular Customer,0
2023/06/04 2:30:44 PM GMT+5:30,9,Male,Once a week,Home and Kitchen;others,Yes,Few times a week,Keyword,Multiple pages,2.0,Yes,Always,Found a better price elsewhere,Often,Yes,1,Sometimes,1,4.0,3.0,Competitive prices,Product quality and accuracy,652813,Regular Customer,1
2023/06/05 10:07:31 PM GMT+5:30,58,Female,Once a week,Groceries and Gourmet Food;Beauty and Personal Care;Clothing and Fashion;Home and Kitchen,Yes,Multiple times a day,Keyword,First page,1.0,Yes,Rarely,others,Always,Yes,0,Sometimes,1,2.0,4.0,.,Reducing packaging waste,707017,Frequent Buyer,0
2023/06/06 6:36:16 PM GMT+5:30,62,Female,Multiple times a week,Clothing and Fashion;Home and Kitchen;others,No,Rarely,Others,First page,5.0,Yes,Rarely,Changed my mind or no longer need the item,Often,No,0,Yes,2,4.0,2.0,Quick delivery,Nil,702937,At-Risk Customer,1
2023/06/08 10:13:41 PM GMT+5:30,41,Others,Once a week,Beauty and Personal Care;Clothing and Fashion;others,Sometimes,Few times a week,Others,First page,2.0,Yes,Sometimes,others,Always,No,1,Yes,1,1.0,1.0,Product recommendations,Irrelevant product suggestions,139625,At-Risk Customer,2
2023/06/06 7:41:36 PM GMT+5:30,53,Male,Few times a month,Beauty and Personal Care;Home and Kitchen,Sometimes,Rarely,Filter,Multiple pages,5.0,No,Always,High shipping costs,Never,Yes,2,Yes,2,2.0,3.0,User-friendly website/app interface,UI,964400,Regular Customer,2
2023/06/11 11:22:19 PM GMT+5:30,45,Male,Less than once a month,Clothing and Fashion;others,No,Few times a month,Keyword,Multiple pages,5.0,Maybe,Sometimes,Found a better price elsewhere,Always,Yes,1,No,2,3.0,4.0,All the above,Quality of product is very poor according to the big offers,213089,Regular Customer,0
2023/06/05 8:52:01 PM GMT+5:30,12,Male,Less than once a month,Groceries and Gourmet Food;Home and Kitchen;others,No,Few times a month,Others,Multiple pages,3.0,No,Often,Found a better price elsewhere,Rarely,Yes,2,Yes,0,4.0,1.0,Customer service ,I have no problem with Amazon yet. But others tell me about the refund issues ,248651,At-Risk Customer,1
2023/06/04 8:39:53 PM GMT+5:30,21,Male,Less than once a month,Beauty and Personal Care;Clothing and Fashion;Home and Kitchen;others,No,Rarely,Filter,First page,4.0,No,Rarely,Changed my mind or no longer need the item,Sometimes,No,4,Yes,2,5.0,4.0,Customer service ,Quality of product is very poor according to the big offers,667156,Regular Customer,1
2023/06/09 4:32:28 PM GMT+5:30,9,Prefer not to say,Less than once a month,Groceries and Gourmet Food;Clothing and Fashion;Home and Kitchen,No,Multiple times a day,Keyword,First page,1.0,No,Never,Changed my mind or no longer need the item,Always,No,0,No,2,5.0,3.0,Customer service,Nothing,901012,Regular Customer,1
2023/06/07 10:10:58 PM GMT+5:30,22,Female,Few times a month,Clothing and Fashion;Home and Kitchen,Sometimes,Few times a month,Others,First page,1.0,No,Never,others,Often,No,4,No,0,4.0,4.0,Competitive prices,UI,757479,Regular Customer,0
2023/06/08 5:37:13 PM GMT+5:30,52,Others,Multiple times a week,Groceries and Gourmet Food;Clothing and Fashion,Yes,Few times a week,Keyword,First page,3.0,Yes,Rarely,Found a better price elsewhere,Often,Yes,4,No,2,1.0,4.0,Competitive prices,Nil,187748,Regular Customer,0
2023/06/09 4:28:30 PM GMT+5:30,54,Female,Less than once a month,Groceries and Gourmet Food;Home and Kitchen;others,No,Few times a month,Keyword,First page,4.0,No,Often,Changed my mind or no longer need the item,Always,Yes,2,Sometimes,1,3.0,5.0,Product recommendations,Quality of product is very poor according to the big offers,184180,Regular Customer,0
2023/06/07 2:23:02 PM GMT+5:30,44,Female,Few times a month,Clothing and Fashion;Home and Kitchen;others,Yes,Rarely,Keyword,First page,4.0,Yes,Never,Changed my mind or no longer need the item,Never,No,0,Yes,0,4.0,1.0,.,Quality of product is very poor according to the big offers,524926,At-Risk Customer,1
2023/06/08 5:22:08 PM GMT+5:30,18,Prefer not to say,Once a month,Beauty and Personal Care;Clothing and Fashion,Sometimes,Few times a month,Keyword,First page,4.0,No,Rarely,Found a better price elsewhere,Often,No,4,Sometimes,0,4.0,2.0,.,Customer service responsiveness,466527,At-Risk Customer,1
2023/06/09 10:24:58 AM GMT+5:30,47,Prefer not to say,Once a month,others,No,Multiple times a day,Others,Multiple pages,5.0,No,Never,Changed my mind or no longer need the item,Rarely,No,1,No,0,1.0,1.0,Customer service ,I have no problem with Amazon yet. But others tell me about the refund issues ,398340,At-Risk Customer,2
2023/06/08 5:34:27 PM GMT+5:30,22,Prefer not to say,Once a month,Beauty and Personal Care;others,No,Multiple times a day,Keyword,First page,2.0,Maybe,Never,High shipping costs,Never,No,1,No,0,3.0,5.0,Quick delivery,Scrolling option would be much better than going to next page,398481,Occasional Shopper,0
2023/06/05 10:05:25 PM GMT+5:30,46,Others,Multiple times a week,others,No,Rarely,Keyword,Multiple pages,3.0,No,Always,others,Often,Yes,0,Yes,0,2.0,3.0,Customer service,Reducing packaging waste,983833,Regular Customer,2
2023/06/07 3:08:03 AM GMT+5:30,20,Female,Less than once a month,Clothing and Fashion;Home and Kitchen;others,No,Rarely,Keyword,First page,2.0,Yes,Often,High shipping costs,Often,Yes,0,Yes,1,3.0,2.0,Customer service ,Product quality and accuracy,933637,At-Risk Customer,1
2023/06/11 10:54:33 PM GMT+5:30,25,Male,Multiple times a week,Groceries and Gourmet Food;Beauty and Personal Care,Yes,Few times a month,Filter,Multiple pages,2.0,Maybe,Never,others,Never,No,0,Sometimes,1,3.0,1.0,User-friendly website/app interface,Customer service responsiveness,618488,At-Risk Customer,1
2023/06/09 9:33:35 AM GMT+5:30,24,Male,Less than once a month,Clothing and Fashion;others,Yes,Few times a week,Others,First page,4.0,No,Often,Found a better price elsewhere,Rarely,No,0,Sometimes,2,5.0,4.0,Product recommendations,Customer service responsiveness,839639,Regular Customer,1
2023/06/06 10:03:52 AM GMT+5:30,6,Male,Once a week,Groceries and Gourmet Food;Clothing and Fashion;Home and Kitchen;others,No,Few times a month,Keyword,Multiple pages,2.0,Maybe,Never,Found a better price elsewhere,Rarely,No,1,Yes,0,3.0,1.0,Quick delivery,User interface ,750563,At-Risk Customer,1
2023/06/09 4:30:15 PM GMT+5:30,9,Others,Few times a month,Groceries and Gourmet Food;Beauty and Personal Care;others,Sometimes,Few times a month,Keyword,Multiple pages,2.0,Maybe,Often,High shipping costs,Never,Yes,4,Sometimes,0,4.0,1.0,.,better app interface and lower shipping charges,545478,At-Risk Customer,1
2023/06/05 8:46:09 PM GMT+5:30,19,Male,Multiple times a week,Groceries and Gourmet Food;Beauty and Personal Care;Clothing and Fashion;others,Sometimes,Multiple times a day,Categories,Multiple pages,4.0,Maybe,Rarely,Found a better price elsewhere,Rarely,No,2,Sometimes,2,2.0,5.0,Quick delivery,Reducing packaging waste,472193,Regular Customer,0
2023/06/11 11:03:34 PM GMT+5:30,57,Prefer not to say,Once a week,Beauty and Personal Care;Clothing and Fashion;Home and Kitchen;others,No,Rarely,Others,First page,4.0,Yes,Rarely,High shipping costs,Often,Yes,3,Yes,2,5.0,2.0,Customer service ,Nothing,990735,At-Risk Customer,1
2023/06/05 12:36:02 AM GMT+5:30,7,Others,Few times a month,Beauty and Personal Care;Clothing and Fashion;others,Yes,Few times a week,Keyword,Multiple pages,5.0,Yes,Rarely,others,Never,No,1,Sometimes,0,5.0,3.0,All the above,Product quality and accuracy,309887,Regular Customer,1
2023/06/07 11:47:44 AM GMT+5:30,11,Female,Once a month,Groceries and Gourmet Food;Clothing and Fashion,Yes,Rarely,Categories,Multiple pages,1.0,No,Rarely,High shipping costs,Always,No,4,No,2,2.0,1.0,User-friendly website/app interface,Product quality and accuracy,643090,At-Risk Customer,2
2023/06/11 11:19:45 PM GMT+5:30,14,Male,Multiple times a week,Beauty and Personal Care;Clothing and Fashion;Home and Kitchen,Sometimes,Few times a week,Categories,Multiple pages,2.0,Yes,Rarely,High shipping costs,Sometimes,No,3,Sometimes,2,3.0,5.0,Competitive prices,User interface of app,580787,Regular Customer,0
2023/06/05 1:10:59 PM GMT+5:30,57,Prefer not to say,Once a month,Groceries and Gourmet Food;Beauty and Personal Care;Home and Kitchen,No,Few times a month,Others,First page,4.0,Maybe,Rarely,others,Rarely,No,2,Sometimes,1,5.0,1.0,Product recommendations,UI,162260,At-Risk Customer,1
2023/06/08 3:28:23 AM GMT+5:30,42,Male,Multiple times a week,Groceries and Gourmet Food;Beauty and Personal Care;Clothing and Fashion,Sometimes,Few times a month,Filter,Multiple pages,1.0,Yes,Always,High shipping costs,Sometimes,Yes,2,No,1,3.0,1.0,Wide product selection,UI,613701,At-Risk Customer,1
2023/06/12 2:41:58 PM GMT+5:30,64,Prefer not to say,Once a week,Groceries and Gourmet Food;Home and Kitchen,Sometimes,Multiple times a day,Filter,First page,2.0,Maybe,Rarely,Found a better price elsewhere,Rarely,No,0,No,2,1.0,1.0,Quick delivery,User interface of app,706729,At-Risk Customer,2
2023/06/04 2:30:44 PM GMT+5:30,16,Prefer not to say,Once a week,Home and Kitchen;others,Sometimes,Few times a month,Keyword,First page,5.0,No,Never,Found a better price elsewhere,Sometimes,No,2,Sometimes,1,2.0,1.0,Wide product selection,No problems with Amazon,594541,At-Risk Customer,2
2023/06/07 6:09:58 AM GMT+5:30,17,Others,Less than once a month,others,Sometimes,Rarely,Keyword,First page,1.0,No,Sometimes,Changed my mind or no longer need the item,Sometimes,No,3,Sometimes,0,5.0,1.0,.,Irrelevant product suggestions,605279,At-Risk Customer,1
2023/06/07 12:39:08 PM GMT+5:30,22,Female,Few times a month,Beauty and Personal Care;Clothing and Fashion;Home and Kitchen;others,No,Few times a month,Keyword,First page,1.0,No,Often,High shipping costs,Sometimes,Yes,0,Yes,0,3.0,5.0,Wide product selection,Nothing,141444,Regular Customer,0
2023/06/06 9:08:39 PM GMT+5:30,21,Female,Multiple times a week,Beauty and Personal Care;Home and Kitchen;others,No,Rarely,Others,Multiple pages,1.0,Yes,Often,High shipping costs,Always,No,1,Sometimes,0,5.0,3.0,Customer service ,No problems with Amazon,711773,Regular Customer,1
2023/06/07 10:10:58 PM GMT+5:30,54,Others,Multiple times a week,Beauty and Personal Care;Clothing and Fashion;others,Sometimes,Few times a month,Others,Multiple pages,4.0,No,Often,others,Never,No,1,No,0,3.0,3.0,.,Add more familiar brands to the list,972047,Regular Customer,2
2023/06/06 9:45:55 AM GMT+5:30,63,Female,Once a week,Groceries and Gourmet Food;Beauty and Personal Care;Clothing and Fashion,Yes,Multiple times a day,Keyword,Multiple pages,2.0,Maybe,Rarely,others,Sometimes,Yes,0,Sometimes,1,2.0,3.0,User-friendly website/app interface,.,387759,Regular Customer,2
2023/06/08 5:17:10 PM GMT+5:30,16,Female,Multiple times a week,Beauty and Personal Care;Clothing and Fashion;Home and Kitchen,Yes,Few times a month,Categories,First page,2.0,Maybe,Often,Changed my mind or no longer need the item,Rarely,Yes,1,Sometimes,0,4.0,3.0,Customer service ,Nothing,811557,Regular Customer,1
2023/06/09 10:28:57 AM GMT+5:30,61,Male,Less than once a month,Clothing and Fashion;others,Sometimes,Rarely,Keyword,First page,1.0,Maybe,Sometimes,High shipping costs,Sometimes,No,4,Sometimes,0,4.0,5.0,Quick delivery,Product quality and accuracy,224050,Regular Customer,0
2023/06/09 3:23:38 PM GMT+5:30,19,Female,Multiple times a week,Groceries and Gourmet Food;Clothing and Fashion;Home and Kitchen;others,No,Multiple times a day,Keyword,Multiple pages,3.0,Maybe,Often,High shipping costs,Sometimes,No,0,Yes,1,1.0,4.0,.,User interface ,586851,Regular Customer,0
2023/06/11 11:09:33 PM GMT+5:30,13,Prefer not to say,Once a month,Groceries and Gourmet Food;Clothing and Fashion;Home and Kitchen;others,Sometimes,Rarely,Others,Multiple pages,2.0,No,Often,Changed my mind or no longer need the item,Always,No,4,Sometimes,2,4.0,4.0,Customer service ,better app interface and lower shipping charges,571185,Occasional Shopper,0
2023/06/08 9:17:38 PM GMT+5:30,56,Others,Few times a month,Beauty and Personal Care,No,Few times a month,Filter,Multiple pages,4.0,No,Rarely,Changed my mind or no longer need the item,Sometimes,Yes,3,No,0,2.0,2.0,Customer service ,User interface ,451367,At-Risk Customer,2
2023/06/06 6:34:44 PM GMT+5:30,31,Female,Once a month,Groceries and Gourmet Food;Home and Kitchen;others,Sometimes,Rarely,Keyword,Multiple pages,3.0,Maybe,Sometimes,others,Sometimes,Yes,2,Sometimes,1,5.0,3.0,Customer service ,I don't have any problem with Amazon,201861,Occasional Shopper,1
2023/06/08 5:30:34 PM GMT+5:30,51,Female,Once a week,Groceries and Gourmet Food;Home and Kitchen,Yes,Few times a month,Categories,First page,4.0,No,Always,Changed my mind or no longer need the item,Always,Yes,1,Yes,0,1.0,4.0,Customer service ,Nil,708003,Frequent Buyer,0
2023/06/09 12:22:47 PM GMT+5:30,12,Prefer not to say,Multiple times a week,Beauty and Personal Care;Clothing and Fashion;Home and Kitchen;others,Yes,Few times a month,Keyword,Multiple pages,2.0,No,Always,High shipping costs,Sometimes,No,4,Yes,2,5.0,5.0,Customer service ,I don't have any problem with Amazon,504484,Regular Customer,0
2023/06/06 10:07:39 AM GMT+5:30,32,Prefer not to say,Multiple times a week,Clothing and Fashion;Home and Kitchen,No,Few times a week,Keyword,Multiple pages,1.0,Yes,Never,others,Sometimes,No,0,Yes,2,5.0,2.0,Wide product selection,User interface ,335083,At-Risk Customer,1
2023/06/12 3:59:59 PM GMT+5:30,33,Male,Multiple times a week,Beauty and Personal Care;Clothing and Fashion,Yes,Few times a week,Categories,Multiple pages,2.0,Yes,Sometimes,Found a better price elsewhere,Never,No,4,No,2,3.0,2.0,Customer service ,User interface ,888550,At-Risk Customer,1
2023/06/05 1:27:08 PM GMT+5:30,9,Female,Once a week,Beauty and Personal Care;Home and Kitchen,Yes,Multiple times a day,Others,Multiple pages,5.0,No,Often,others,Sometimes,No,2,Yes,1,5.0,3.0,User-friendly website/app interface,Quality of product is very poor according to the big offers,836426,Regular Customer,1
2023/06/04 11:12:15 PM GMT+5:30,55,Prefer not to say,Less than once a month,Beauty and Personal Care;Home and Kitchen;others,No,Rarely,Keyword,Multiple pages,3.0,Maybe,Always,Found a better price elsewhere,Always,No,3,Sometimes,1,4.0,5.0,Customer service,Add more familiar brands to the list,174860,Regular Customer,0
2023/06/09 3:19:53 PM GMT+5:30,64,Prefer not to say,Once a month,Groceries and Gourmet Food;Clothing and Fashion,Sometimes,Multiple times a day,Others,Multiple pages,1.0,Maybe,Always,others,Rarely,No,0,Yes,0,3.0,5.0,.,User interface ,981800,Occasional Shopper,0
2023/06/09 2:39:16 PM GMT+5:30,3,Others,Few times a month,Groceries and Gourmet Food;Beauty and Personal Care;Clothing and Fashion,Sometimes,Rarely,Keyword,Multiple pages,3.0,Maybe,Sometimes,High shipping costs,Sometimes,No,4,Yes,1,4.0,1.0,Competitive prices,UI,256141,At-Risk Customer,1
2023/06/06 7:41:36 PM GMT+5:30,48,Others,Multiple times a week,Clothing and Fashion;Home and Kitchen;others,Yes,Rarely,Categories,Multiple pages,4.0,Yes,Sometimes,Changed my mind or no longer need the item,Often,No,2,No,1,2.0,3.0,Product recommendations,No problems with Amazon,543217,Regular Customer,2
2023/06/07 3:08:03 AM GMT+5:30,8,Prefer not to say,Few times a month,Groceries and Gourmet Food;Clothing and Fashion;others,No,Multiple times a day,Keyword,Multiple pages,4.0,Maybe,Often,Changed my mind or no longer need the item,Often,No,0,No,1,1.0,1.0,.,Add more familiar brands to the list,935169,At-Risk Customer,2
2023/06/11 11:15:03 PM GMT+5:30,65,Others,Once a week,Clothing and Fashion,No,Multiple times a day,Keyword,First page,3.0,Maybe,Rarely,Found a better price elsewhere,Sometimes,Yes,3,No,1,3.0,1.0,Product recommendations,Add more familiar brands to the list,793506,At-Risk Customer,1
2023/06/05 1:43:00 PM GMT+5:30,14,Others,Few times a month,Beauty and Personal Care;Clothing and Fashion,Yes,Rarely,Keyword,First page,4.0,No,Never,others,Sometimes,No,2,Sometimes,1,1.0,3.0,Customer service ,Add more familiar brands to the list,344950,Regular Customer,2
2023/06/09 3:22:15 PM GMT+5:30,10,Male,Less than once a month,Groceries and Gourmet Food;Beauty and Personal Care;Clothing and Fashion;others,Yes,Rarely,Categories,First page,1.0,No,Never,Changed my mind or no longer need the item,Often,Yes,3,Yes,2,2.0,2.0,Customer service,I don't have any problem with Amazon,446705,At-Risk Customer,2
2023/06/08 3:23:58 AM GMT+5:30,42,Prefer not to say,Once a week,Groceries and Gourmet Food;Clothing and Fashion;others,Yes,Few times a week,Keyword,Multiple pages,2.0,No,Often,Found a better price elsewhere,Sometimes,Yes,4,Sometimes,0,4.0,5.0,.,User interface of app,584599,Frequent Buyer,0
2023/06/07 1:00:09 PM GMT+5:30,42,Prefer not to say,Less than once a month,Home and Kitchen,No,Rarely,Keyword,Multiple pages,3.0,Maybe,Never,Found a better price elsewhere,Never,No,4,No,2,4.0,3.0,Customer service ,User interface of app,403487,Regular Customer,1
2023/06/12 3:49:27 PM GMT+5:30,41,Female,Once a month,Groceries and Gourmet Food;Clothing and Fashion;Home and Kitchen;others,No,Few times a month,Keyword,First page,4.0,No,Rarely,Changed my mind or no longer need the item,Never,Yes,2,No,1,4.0,2.0,Product recommendations,I have no problem with Amazon yet. But others tell me about the refund issues ,907354,At-Risk Customer,1
2023/06/06 7:17:17 PM GMT+5:30,31,Male,Less than once a month,Groceries and Gourmet Food;Beauty and Personal Care;Clothing and Fashion;Home and Kitchen;others,Sometimes,Rarely,Categories,First page,4.0,Maybe,Never,Changed my mind or no longer need the item,Always,Yes,4,No,2,3.0,4.0,Competitive prices,better app interface and lower shipping charges,919572,Regular Customer,0
2023/06/08 5:55:15 PM GMT+5:30,56,Male,Less than once a month,others,Sometimes,Few times a month,Keyword,First page,3.0,Yes,Never,others,Always,Yes,4,No,2,4.0,4.0,Quick delivery,Reducing packaging waste,279566,Regular Customer,0
2023/06/08 9:54:40 AM GMT+5:30,51,Others,Once a month,Clothing and Fashion;others,Sometimes,Rarely,Others,Multiple pages,4.0,Maybe,Never,others,Rarely,Yes,4,Yes,1,2.0,3.0,User-friendly website/app interface,Irrelevant product suggestions,763778,Occasional Shopper,2
2023/06/08 5:27:22 PM GMT+5:30,20,Female,Less than once a month,Clothing and Fashion;others,Yes,Few times a week,Filter,First page,2.0,No,Rarely,Found a better price elsewhere,Rarely,No,4,Yes,1,4.0,4.0,All the above,Shipping speed and reliability,282789,Regular Customer,0
2023/06/08 5:37:13 PM GMT+5:30,66,Male,Once a month,Beauty and Personal Care;others,Yes,Rarely,Keyword,Multiple pages,3.0,No,Sometimes,Changed my mind or no longer need the item,Rarely,Yes,3,Sometimes,1,5.0,1.0,All the above,Quality of product is very poor according to the big offers,299856,At-Risk Customer,1
2023/06/08 5:42:23 PM GMT+5:30,52,Others,Less than once a month,others,Sometimes,Few times a week,Others,First page,1.0,Maybe,Never,High shipping costs,Often,No,4,Sometimes,0,3.0,1.0,.,I have no problem with Amazon yet. But others tell me about the refund issues ,542360,At-Risk Customer,1
2023/06/09 3:22:15 PM GMT+5:30,40,Male,Multiple times a week,Groceries and Gourmet Food;Home and Kitchen;others,No,Multiple times a day,Keyword,First page,1.0,Maybe,Never,Changed my mind or no longer need the item,Sometimes,Yes,0,No,0,5.0,2.0,Wide product selection,UI,195663,At-Risk Customer,1
2023/06/05 8:06:04 PM GMT+5:30,30,Female,Multiple times a week,Beauty and Personal Care;Clothing and Fashion;others,No,Multiple times a day,Others,Multiple pages,5.0,Maybe,Never,others,Often,Yes,1,No,1,3.0,4.0,Quick delivery,Shipping speed and reliability,908731,Regular Customer,0
2023/06/11 10:47:42 PM GMT+5:30,62,Others,Less than once a month,Groceries and Gourmet Food;Beauty and Personal Care;Home and Kitchen,Sometimes,Few times a week,Keyword,Multiple pages,1.0,Yes,Rarely,Found a better price elsewhere,Never,Yes,3,Yes,0,1.0,5.0,Product recommendations,.,518205,Regular Customer,0
2023/06/07 10:10:26 PM GMT+5:30,3,Others,Less than once a month,Beauty and Personal Care;Home and Kitchen;others,Sometimes,Few times a month,Categories,Multiple pages,2.0,No,Always,Found a better price elsewhere,Sometimes,No,3,No,1,2.0,1.0,.,Shipping speed and reliability,977851,At-Risk Customer,2
2023/06/04 9:18:12 PM GMT+5:30,5,Male,Less than once a month,Groceries and Gourmet Food;Beauty and Personal Care;Home and Kitchen,No,Multiple times a day,Keyword,First page,5.0,Yes,Often,others,Rarely,No,1,Yes,0,3.0,3.0,Product recommendations,User interface ,591195,Regular Customer,2
2023/06/08 8:26:58 PM GMT+5:30,43,Others,Once a month,Groceries and Gourmet Food;Clothing and Fashion;Home and Kitchen;others,Yes,Rarely,Keyword,First page,3.0,Maybe,Often,Found a better price elsewhere,Always,No,0,Yes,2,1.0,3.0,Quick delivery,Shipping speed and reliability,270513,Occasional Shopper,2
2023/06/07 1:25:26 PM GMT+5:30,18,Female,Less than once a month,Groceries and Gourmet Food;Home and Kitchen;others,No,Rarely,Keyword,First page,5.0,Maybe,Rarely,Found a better price elsewhere,Always,No,1,Yes,1,5.0,4.0,Customer service ,Add more familiar brands to the list,856506,Regular Customer,1
2023/06/08 5:40:49 PM GMT+5:30,28,Male,Less than once a month,others,No,Few times a week,Keyword,First page,2.0,No,Always,Found a better price elsewhere,Sometimes,No,3,No,0,4.0,3.0,Customer service,I don't have any problem with Amazon,775528,Regular Customer,1
2023/06/11 11:02:11 PM GMT+5:30,40,Others,Few times a month,Clothing and Fashion;others,Sometimes,Rarely,Categories,First page,5.0,Maybe,Sometimes,Found a better price elsewhere,Never,No,1,Sometimes,0,2.0,4.0,Competitive prices,Nothing,417833,Regular Customer,0
2023/06/10 10:49:42 AM GMT+5:30,46,Male,Multiple times a week,Groceries and Gourmet Food;Clothing and Fashion;Home and Kitchen;others,Yes,Few times a week,Others,First page,2.0,Yes,Rarely,others,Rarely,Yes,4,Sometimes,0,4.0,5.0,All the above,Quality of product is very poor according to the big offers,593663,Regular Customer,0
2023/06/06 11:28:31 PM GMT+5:30,16,Prefer not to say,Less than once a month,Clothing and Fashion;Home and Kitchen;others,Sometimes,Multiple times a day,Categories,First page,5.0,Maybe,Often,Found a better price elsewhere,Often,No,2,Yes,2,1.0,2.0,User-friendly website/app interface,I don't have any problem with Amazon,627695,At-Risk Customer,2
2023/06/12 4:03:59 PM GMT+5:30,37,Others,Once a week,Beauty and Personal Care;Home and Kitchen;others,Yes,Few times a week,Categories,Multiple pages,3.0,Maybe,Always,Changed my mind or no longer need the item,Rarely,No,3,No,1,4.0,5.0,Wide product selection,Product quality and accuracy,898287,Frequent Buyer,0
2023/06/08 5:57:03 PM GMT+5:30,20,Female,Once a month,Beauty and Personal Care;Home and Kitchen;others,No,Rarely,Keyword,Multiple pages,5.0,No,Sometimes,High shipping costs,Rarely,No,0,No,2,5.0,4.0,.,UI,929547,Occasional Shopper,1
2023/06/11 11:09:33 PM GMT+5:30,6,Female,Once a week,Groceries and Gourmet Food;Beauty and Personal Care,Sometimes,Multiple times a day,Categories,First page,5.0,Yes,Often,Changed my mind or no longer need the item,Sometimes,No,1,No,0,5.0,3.0,Customer service,UI,860129,Regular Customer,1
2023/06/09 2:43:37 PM GMT+5:30,50,Male,Few times a month,Beauty and Personal Care;Home and Kitchen,No,Few times a month,Filter,First page,5.0,No,Often,High shipping costs,Never,Yes,2,Sometimes,2,4.0,1.0,Quick delivery,Reducing packaging waste,443283,At-Risk Customer,1
2023/06/09 10:31:15 AM GMT+5:30,57,Female,Once a month,Beauty and Personal Care;Home and Kitchen;others,Sometimes,Multiple times a day,Categories,Multiple pages,1.0,No,Sometimes,High shipping costs,Always,No,3,Yes,2,3.0,2.0,Customer service ,User interface ,527423,At-Risk Customer,1
2023/06/05 2:16:16 PM GMT+5:30,49,Others,Once a week,Groceries and Gourmet Food;Home and Kitchen;others,Yes,Few times a month,Keyword,First page,1.0,Maybe,Never,Changed my mind or no longer need the item,Often,Yes,4,Sometimes,2,4.0,1.0,User-friendly website/app interface,Product quality and accuracy,419821,At-Risk Customer,1
2023/06/06 7:18:52 PM GMT+5:30,51,Prefer not to say,Multiple times a week,Clothing and Fashion;Home and Kitchen,No,Rarely,Others,First page,4.0,Maybe,Never,Found a better price elsewhere,Never,No,0,Sometimes,2,1.0,5.0,Quick delivery,Nil,375497,Regular Customer,0
2023/06/06 6:36:16 PM GMT+5:30,37,Prefer not to say,Few times a month,Clothing and Fashion;Home and Kitchen;others,Yes,Multiple times a day,Categories,Multiple pages,1.0,Maybe,Rarely,Found a better price elsewhere,Never,No,1,No,1,3.0,2.0,Quick delivery,Reducing packaging waste,944516,At-Risk Customer,1
2023/06/09 9:35:19 AM GMT+5:30,39,Male,Few times a month,Beauty and Personal Care;Home and Kitchen,Sometimes,Few times a month,Keyword,First page,5.0,Maybe,Sometimes,Changed my mind or no longer need the item,Often,No,1,No,0,2.0,5.0,Customer service ,Quality of product is very poor according to the big offers,539756,Regular Customer,0
2023/06/08 5:48:14 PM GMT+5:30,13,Others,Once a month,Clothing and Fashion;others,No,Multiple times a day,Keyword,Multiple pages,5.0,Yes,Sometimes,Changed my mind or no longer need the item,Never,No,3,Sometimes,2,1.0,2.0,Product recommendations,Product quality and accuracy,285145,At-Risk Customer,2
2023/06/07 12:30:22 PM GMT+5:30,58,Others,Less than once a month,Beauty and Personal Care;Clothing and Fashion,No,Few times a month,Keyword,First page,1.0,No,Always,High shipping costs,Rarely,No,0,No,1,1.0,2.0,Customer service ,User interface ,347345,At-Risk Customer,2
2023/06/07 10:39:21 PM GMT+5:30,35,Prefer not to say,Few times a month,Beauty and Personal Care;Clothing and Fashion;others,No,Rarely,Keyword,First page,3.0,Maybe,Often,High shipping costs,Often,Yes,0,Sometimes,0,2.0,1.0,User-friendly website/app interface,Shipping speed and reliability,455372,At-Risk Customer,2
2023/06/09 4:30:15 PM GMT+5:30,26,Female,Few times a month,Groceries and Gourmet Food;Clothing and Fashion;Home and Kitchen;others,Yes,Multiple times a day,Keyword,Multiple pages,5.0,Maybe,Always,Changed my mind or no longer need the item,Often,Yes,1,Yes,1,4.0,1.0,Product recommendations,Irrelevant product suggestions,442259,At-Risk Customer,1
2023/06/12 3:51:31 PM GMT+5:30,39,Prefer not to say,Once a month,Groceries and Gourmet Food;Clothing and Fashion;Home and Kitchen;others,No,Multiple times a day,Others,First page,1.0,Maybe,Never,Found a better price elsewhere,Sometimes,No,4,Sometimes,1,5.0,3.0,All the above,Shipping speed and reliability,234621,Occasional Shopper,1
2023/06/11 11:28:26 PM GMT+5:30,54,Male,Multiple times a week,Home and Kitchen;others,Sometimes,Few times a month,Filter,Multiple pages,2.0,No,Rarely,others,Sometimes,No,3,Sometimes,1,4.0,2.0,Competitive prices,better app interface and lower shipping charges,581857,At-Risk Customer,1
2023/06/09 4:32:28 PM GMT+5:30,61,Others,Multiple times a week,Groceries and Gourmet Food;Beauty and Personal Care;Home and Kitchen,Yes,Multiple times a day,Others,Multiple pages,2.0,Maybe,Rarely,High shipping costs,Always,Yes,4,Yes,2,2.0,4.0,Customer service ,Quality of product is very poor according to the big offers,690565,Regular Customer,0
2023/06/09 10:30:39 AM GMT+5:30,64,Female,Less than once a month,Home and Kitchen,Sometimes,Few times a week,Others,First page,5.0,Maybe,Sometimes,High shipping costs,Often,No,0,Yes,2,4.0,3.0,User-friendly website/app interface,I don't have any problem with Amazon,558592,Regular Customer,1
2023/06/09 3:08:38 PM GMT+5:30,13,Prefer not to say,Once a week,Groceries and Gourmet Food;Beauty and Personal Care;Home and Kitchen,No,Multiple times a day,Keyword,First page,5.0,Maybe,Always,High shipping costs,Never,Yes,2,Sometimes,2,3.0,3.0,Customer service,Customer service responsiveness,411493,Regular Customer,2
2023/06/06 7:54:19 PM GMT+5:30,60,Female,Once a week,Clothing and Fashion;Home and Kitchen,Sometimes,Rarely,Keyword,First page,2.0,Yes,Sometimes,High shipping costs,Never,Yes,4,No,2,1.0,5.0,Wide product selection,Scrolling option would be much better than going to next page,229321,Frequent Buyer,0
2023/06/07 6:30:43 PM GMT+5:30,65,Female,Few times a month,Clothing and Fashion;Home and Kitchen;others,Sometimes,Multiple times a day,Keyword,Multiple pages,2.0,No,Often,others,Rarely,No,4,Yes,2,4.0,4.0,Product recommendations,No problems with Amazon,946123,Regular Customer,0
2023/06/05 10:36:38 AM GMT+5:30,55,Female,Once a week,Beauty and Personal Care;others,Yes,Multiple times a day,Keyword,First page,3.0,Maybe,Always,Changed my mind or no longer need the item,Rarely,Yes,1,Yes,1,2.0,1.0,Quick delivery,Product quality and accuracy,969547,At-Risk Customer,2
2023/06/08 5:48:14 PM GMT+5:30,46,Others,Once a month,others,No,Multiple times a day,Keyword,First page,5.0,Maybe,Never,Found a better price elsewhere,Often,No,1,No,2,3.0,2.0,Customer service,UI,603291,At-Risk Customer,1
2023/06/08 10:39:59 PM GMT+5:30,7,Male,Few times a month,Beauty and Personal Care;Home and Kitchen,Yes,Multiple times a day,Categories,Multiple pages,1.0,Yes,Sometimes,High shipping costs,Always,No,2,Sometimes,1,1.0,1.0,Wide product selection,User interface of app,735358,At-Risk Customer,2
2023/06/07 6:20:53 PM GMT+5:30,37,Female,Once a week,Groceries and Gourmet Food;Clothing and Fashion;others,Yes,Few times a week,Categories,Multiple pages,1.0,Maybe,Sometimes,others,Sometimes,Yes,4,No,1,2.0,3.0,Competitive prices,Nil,180988,Regular Customer,2
2023/06/08 9:17:38 PM GMT+5:30,56,Female,Once a month,Beauty and Personal Care;Clothing and Fashion;others,Yes,Rarely,Keyword,First page,5.0,No,Often,Changed my mind or no longer need the item,Rarely,Yes,1,No,2,3.0,1.0,Customer service ,Nil,879901,At-Risk Customer,1
2023/06/07 11:05:19 PM GMT+5:30,32,Others,Less than once a month,Home and Kitchen;others,No,Few times a month,Categories,First page,5.0,Maybe,Sometimes,others,Never,Yes,2,Sometimes,2,3.0,5.0,Quick delivery,Add more familiar brands to the list,140304,Regular Customer,0
2023/06/11 11:24:21 PM GMT+5:30,58,Prefer not to say,Few times a month,Groceries and Gourmet Food;Beauty and Personal Care;Clothing and Fashion;others,Yes,Rarely,Categories,First page,2.0,No,Always,others,Never,Yes,0,No,1,4.0,2.0,All the above,UI,704818,At-Risk Customer,1
2023/06/08 5:23:05 PM GMT+5:30,20,Others,Once a month,Groceries and Gourmet Food;Clothing and Fashion;Home and Kitchen,Sometimes,Rarely,Others,Multiple pages,2.0,Yes,Always,High shipping costs,Never,No,4,Sometimes,2,4.0,4.0,.,Product quality and accuracy,288823,Occasional Shopper,0
2023/06/08 5:33:01 PM GMT+5:30,9,Female,Less than once a month,Beauty and Personal Care;Clothing and Fashion;others,Yes,Multiple times a day,Keyword,Multiple pages,4.0,No,Always,Found a better price elsewhere,Never,Yes,4,Yes,1,3.0,1.0,User-friendly website/app interface,User interface ,270994,At-Risk Customer,1
2023/06/11 11:22:19 PM GMT+5:30,5,Others,Less than once a month,Home and Kitchen,Yes,Rarely,Filter,Multiple pages,5.0,No,Rarely,Changed my mind or no longer need the item,Often,No,0,Sometimes,2,3.0,3.0,Quick delivery,User interface of app,923112,Regular Customer,2
2023/06/04 9:10:08 PM GMT+5:30,33,Male,Less than once a month,Clothing and Fashion;Home and Kitchen;others,Sometimes,Few times a week,Others,First page,3.0,No,Often,Found a better price elsewhere,Often,Yes,0,Yes,2,2.0,3.0,.,UI,339162,Regular Customer,2
2023/06/07 10:57:14 AM GMT+5:30,56,Prefer not to say,Multiple times a week,Clothing and Fashion;others,No,Multiple times a day,Categories,First page,4.0,No,Rarely,High shipping costs,Never,No,2,Sometimes,0,5.0,3.0,Quick delivery,better app interface and lower shipping charges,849712,Regular Customer,1
2023/06/06 9:37:33 AM GMT+5:30,52,Prefer not to say,Few times a month,Clothing and Fashion;others,Sometimes,Rarely,Filter,First page,5.0,No,Often,Found a better price elsewhere,Rarely,No,3,Yes,0,4.0,5.0,.,User interface of app,820581,Regular Customer,0
2023/06/11 11:27:55 PM GMT+5:30,12,Male,Multiple times a week,Groceries and Gourmet Food;Home and Kitchen,Sometimes,Multiple times a day,Filter,Multiple pages,4.0,Yes,Rarely,Found a better price elsewhere,Sometimes,Yes,3,No,1,4.0,1.0,Wide product selection,Nil,618765,At-Risk Customer,1
2023/06/12 3:45:27 PM GMT+5:30,10,Others,Few times a month,Groceries and Gourmet Food;Clothing and Fashion;others,No,Few times a week,Filter,Multiple pages,1.0,Yes,Sometimes,Found a better price elsewhere,Always,No,1,Yes,0,2.0,4.0,Competitive prices,.,353310,Regular Customer,0
2023/06/12 4:03:59 PM GMT+5:30,42,Others,Once a month,Groceries and Gourmet Food;Home and Kitchen;others,Sometimes,Multiple times a day,Others,Multiple pages,4.0,Maybe,Often,others,Often,Yes,3,Yes,2,2.0,5.0,Customer service,Nil,982706,Occasional Shopper,0
2023/06/09 2:42:57 PM GMT+5:30,55,Others,Few times a month,Beauty and Personal Care;Clothing and Fashion;Home and Kitchen;others,No,Rarely,Keyword,First page,5.0,Maybe,Always,Changed my mind or no longer need the item,Sometimes,Yes,0,No,0,2.0,4.0,Quick delivery,Product quality and accuracy,992395,Regular Customer,0
2023/06/12 4:02:02 PM GMT+5:30,25,Male,Multiple times a week,Groceries and Gourmet Food;Beauty and Personal Care;Clothing and Fashion;others,Yes,Multiple times a day,Keyword,Multiple pages,2.0,Yes,Often,others,Sometimes,No,4,Yes,0,4.0,1.0,Customer service ,Customer service responsiveness,633158,At-Risk Customer,1
2023/06/05 10:05:25 PM GMT+5:30,42,Others,Few times a month,Beauty and Personal Care;Clothing and Fashion;Home and Kitchen,Sometimes,Rarely,Keyword,First page,2.0,Yes,Rarely,others,Often,Yes,3,No,1,3.0,2.0,Quick delivery,Shipping speed and reliability,207609,At-Risk Customer,1
2023/06/08 5:43:45 PM GMT+5:30,66,Female,Multiple times a week,Groceries and Gourmet Food;Home and Kitchen;others,No,Few times a week,Keyword,First page,5.0,No,Often,High shipping costs,Often,Yes,1,Yes,1,1.0,3.0,Quick delivery,Add more familiar brands to the list,335999,Regular Customer,2
2023/06/07 10:09:54 PM GMT+5:30,43,Prefer not to say,Once a week,Home and Kitchen;others,Sometimes,Few times a month,Categories,Multiple pages,3.0,No,Rarely,Changed my mind or no longer need the item,Never,No,1,Yes,2,1.0,1.0,All the above,Shipping speed and reliability,297506,At-Risk Customer,2
2023/06/05 12:02:56 AM GMT+5:30,17,Female,Few times a month,Groceries and Gourmet Food;Clothing and Fashion;Home and Kitchen;others,Yes,Few times a month,Categories,Multiple pages,5.0,No,Always,others,Always,Yes,0,No,0,4.0,5.0,Wide product selection,UI,190212,Regular Customer,0
2023/06/12 3:48:11 PM GMT+5:30,30,Others,Multiple times a week,Clothing and Fashion;others,Yes,Rarely,Filter,First page,5.0,No,Always,others,Never,Yes,0,No,1,3.0,4.0,All the above,User interface ,973395,Regular Customer,0
2023/06/07 11:02:45 PM GMT+5:30,48,Male,Multiple times a week,Groceries and Gourmet Food;Clothing and Fashion;Home and Kitchen,Yes,Multiple times a day,Categories,First page,4.0,Yes,Rarely,Changed my mind or no longer need the item,Sometimes,No,2,No,0,3.0,5.0,.,I have no problem with Amazon yet. But others tell me about the refund issues ,606855,Regular Customer,0
2023/06/04 9:10:08 PM GMT+5:30,16,Prefer not to say,Less than once a month,Groceries and Gourmet Food;Home and Kitchen,Yes,Multiple times a day,Categories,Multiple pages,5.0,Maybe,Never,others,Often,No,2,Sometimes,0,4.0,2.0,User-friendly website/app interface,Customer service responsiveness,250358,At-Risk Customer,1
2023/06/05 10:05:25 PM GMT+5:30,57,Prefer not to say,Once a month,Home and Kitchen,Sometimes,Rarely,Categories,First page,1.0,Maybe,Always,Found a better price elsewhere,Never,Yes,0,No,2,4.0,4.0,.,Irrelevant product suggestions,552072,Occasional Shopper,0
2023/06/04 8:00:11 PM GMT+5:30,48,Female,Once a month,Home and Kitchen;others,No,Multiple times a day,Others,First page,2.0,No,Often,Changed my mind or no longer need the item,Often,No,2,Sometimes,2,2.0,5.0,Quick delivery,Nothing,433536,Occasional Shopper,0
2023/06/09 10:26:01 AM GMT+5:30,17,Male,Few times a month,Groceries and Gourmet Food;Beauty and Personal Care;Clothing and Fashion;Home and Kitchen,No,Few times a month,Categories,First page,2.0,No,Rarely,others,Never,No,2,Yes,1,2.0,1.0,Competitive prices,.,248097,At-Risk Customer,2
2023/06/09 10:30:39 AM GMT+5:30,4,Male,Multiple times a week,Groceries and Gourmet Food;Home and Kitchen;others,Yes,Few times a week,Others,First page,3.0,No,Often,High shipping costs,Rarely,No,0,No,0,5.0,2.0,Competitive prices,I don't have any problem with Amazon,707115,At-Risk Customer,1
2023/06/05 10:06:15 PM GMT+5:30,63,Male,Once a week,Beauty and Personal Care;Clothing and Fashion;others,No,Rarely,Categories,First page,2.0,Maybe,Rarely,Found a better price elsewhere,Rarely,Yes,3,Sometimes,1,1.0,4.0,User-friendly website/app interface,User interface ,471770,Frequent Buyer,0
2023/06/08 5:09:31 PM GMT+5:30,6,Prefer not to say,Once a month,Groceries and Gourmet Food;Clothing and Fashion,No,Few times a week,Others,Multiple pages,5.0,Yes,Always,High shipping costs,Often,No,0,Yes,1,3.0,4.0,All the above,UI,126786,Occasional Shopper,0
2023/06/07 9:24:31 AM GMT+5:30,13,Male,Once a month,Clothing and Fashion;Home and Kitchen,No,Multiple times a day,Categories,First page,3.0,No,Never,Changed my mind or no longer need the item,Rarely,Yes,3,No,2,3.0,1.0,Customer service ,Nil,923965,At-Risk Customer,1
2023/06/06 11:20:53 AM GMT+5:30,15,Others,Once a month,Beauty and Personal Care;Clothing and Fashion;Home and Kitchen,No,Few times a week,Keyword,Multiple pages,1.0,Yes,Sometimes,Changed my mind or no longer need the item,Sometimes,Yes,3,Yes,2,5.0,4.0,Quick delivery,Product quality and accuracy,766692,Occasional Shopper,1
2023/06/09 2:36:09 PM GMT+5:30,7,Male,Multiple times a week,Beauty and Personal Care;Home and Kitchen,Yes,Few times a week,Keyword,First page,2.0,No,Sometimes,Found a better price elsewhere,Rarely,No,0,Sometimes,2,2.0,4.0,Competitive prices,Irrelevant product suggestions,377198,Regular Customer,0
2023/06/06 7:39:44 PM GMT+5:30,32,Female,Few times a month,Groceries and Gourmet Food;Clothing and Fashion;Home and Kitchen,No,Multiple times a day,Categories,First page,1.0,Maybe,Rarely,Changed my mind or no longer need the item,Often,Yes,1,Sometimes,2,4.0,3.0,Product recommendations,Irrelevant product suggestions,796310,Regular Customer,1
2023/06/09 2:36:09 PM GMT+5:30,20,Prefer not to say,Less than once a month,Groceries and Gourmet Food,Yes,Rarely,Filter,First page,3.0,No,Never,others,Rarely,No,1,Yes,2,4.0,1.0,Product recommendations,I have no problem with Amazon yet. But others tell me about the refund issues ,779009,At-Risk Customer,1
2023/06/08 7:46:31 PM GMT+5:30,61,Male,Once a week,Beauty and Personal Care;Clothing and Fashion,Sometimes,Rarely,Others,Multiple pages,3.0,Maybe,Never,others,Often,Yes,2,Sometimes,0,5.0,3.0,Product recommendations,No problems with Amazon,306518,Regular Customer,1
2023/06/11 11:05:38 PM GMT+5:30,49,Female,Few times a month,Clothing and Fashion,Sometimes,Multiple times a day,Keyword,First page,1.0,Yes,Rarely,Changed my mind or no longer need the item,Sometimes,No,3,Sometimes,0,3.0,2.0,.,Product quality and accuracy,975752,At-Risk Customer,1
2023/06/08 5:16:17 PM GMT+5:30,36,Female,Once a week,Beauty and Personal Care;others,Sometimes,Rarely,Categories,Multiple pages,3.0,Yes,Never,Changed my mind or no longer need the item,Never,No,4,Sometimes,2,1.0,3.0,Quick delivery,Irrelevant product suggestions,704027,Regular Customer,2
2023/06/12 4:03:59 PM GMT+5:30,15,Others,Once a month,Groceries and Gourmet Food;Clothing and Fashion,No,Few times a week,Filter,Multiple pages,4.0,Yes,Often,others,Never,No,4,Yes,1,4.0,2.0,User-friendly website/app interface,better app interface and lower shipping charges,160273,At-Risk Customer,1
2023/06/11 10:48:27 PM GMT+5:30,26,Male,Multiple times a week,Beauty and Personal Care;Clothing and Fashion;Home and Kitchen,Sometimes,Rarely,Others,Multiple pages,2.0,No,Sometimes,Changed my mind or no longer need the item,Never,Yes,2,Yes,2,5.0,4.0,Quick delivery,User interface ,812745,Regular Customer,1
2023/06/11 11:20:18 PM GMT+5:30,60,Others,Less than once a month,Groceries and Gourmet Food;Clothing and Fashion;Home and Kitchen,No,Few times a month,Categories,First page,5.0,Yes,Never,Found a better price elsewhere,Always,Yes,0,Sometimes,0,3.0,4.0,User-friendly website/app interface,No problems with Amazon,812778,Regular Customer,0
2023/06/05 1:32:57 PM GMT+5:30,40,Prefer not to say,Multiple times a week,Groceries and Gourmet Food;Clothing and Fashion;Home and Kitchen;others,Sometimes,Few times a week,Filter,First page,2.0,Yes,Always,Found a better price elsewhere,Often,Yes,3,Yes,2,4.0,3.0,.,.,530173,Regular Customer,1
2023/06/08 5:32:09 PM GMT+5:30,7,Prefer not to say,Less than once a month,Clothing and Fashion;others,No,Rarely,Filter,Multiple pages,5.0,Yes,Always,others,Sometimes,No,4,Yes,2,4.0,1.0,Customer service ,Quality of product is very poor according to the big offers,938071,At-Risk Customer,1
2023/06/08 5:15:27 PM GMT+5:30,50,Female,Once a month,Groceries and Gourmet Food;Beauty and Personal Care,No,Multiple times a day,Categories,First page,1.0,Maybe,Sometimes,High shipping costs,Never,Yes,4,Sometimes,0,5.0,1.0,Wide product selection,Scrolling option would be much better than going to next page,663272,At-Risk Customer,1
2023/06/07 3:08:03 AM GMT+5:30,6,Female,Few times a month,Groceries and Gourmet Food;Home and Kitchen;others,Sometimes,Few times a month,Filter,First page,5.0,Yes,Sometimes,Changed my mind or no longer need the item,Never,Yes,0,Yes,2,4.0,5.0,Wide product selection,Quality of product is very poor according to the big offers,579765,Regular Customer,0
2023/06/05 10:04:32 PM GMT+5:30,34,Prefer not to say,Once a month,Beauty and Personal Care;Clothing and Fashion;Home and Kitchen;others,No,Few times a week,Keyword,Multiple pages,4.0,Maybe,Always,High shipping costs,Often,No,2,No,0,3.0,4.0,Product recommendations,UI,454888,Occasional Shopper,0
2023/06/07 12:01:15 PM GMT+5:30,42,Female,Once a week,Clothing and Fashion;others,Yes,Rarely,Categories,First page,2.0,No,Sometimes,Changed my mind or no longer need the item,Never,No,1,No,2,2.0,2.0,Wide product selection,Nothing,683295,At-Risk Customer,2
2023/06/11 11:04:55 PM GMT+5:30,61,Female,Once a month,Groceries and Gourmet Food;Beauty and Personal Care;Clothing and Fashion,Sometimes,Rarely,Filter,First page,5.0,No,Sometimes,Changed my mind or no longer need the item,Rarely,No,3,Yes,2,4.0,4.0,.,User interface of app,655488,Occasional Shopper,0
2023/06/07 10:07:42 PM GMT+5:30,10,Male,Few times a month,Groceries and Gourmet Food;Beauty and Personal Care;Home and Kitchen,No,Multiple times a day,Keyword,Multiple pages,5.0,Maybe,Always,Changed my mind or no longer need the item,Never,No,3,Yes,0,4.0,2.0,Customer service ,Reducing packaging waste,454048,At-Risk Customer,1
2023/06/11 11:04:55 PM GMT+5:30,51,Female,Less than once a month,Beauty and Personal Care;Home and Kitchen,Yes,Few times a month,Categories,First page,2.0,Maybe,Rarely,Found a better price elsewhere,Rarely,No,1,Sometimes,1,1.0,5.0,User-friendly website/app interface,Add more familiar brands to the list,289527,Regular Customer,0
2023/06/07 12:58:28 AM GMT+5:30,14,Male,Multiple times a week,Groceries and Gourmet Food;Clothing and Fashion,Sometimes,Rarely,Keyword,First page,5.0,Maybe,Never,others,Sometimes,Yes,2,Yes,0,3.0,1.0,Product recommendations,UI,601974,At-Risk Customer,1
2023/06/08 5:20:43 PM GMT+5:30,65,Others,Once a week,Home and Kitchen;others,Yes,Few times a week,Keyword,First page,5.0,Maybe,Sometimes,Found a better price elsewhere,Rarely,No,3,No,0,4.0,1.0,.,.,567064,At-Risk Customer,1
2023/06/09 2:39:47 PM GMT+5:30,9,Female,Once a week,Groceries and Gourmet Food;Beauty and Personal Care;Clothing and Fashion,Sometimes,Few times a week,Keyword,First page,1.0,Yes,Sometimes,Found a better price elsewhere,Always,Yes,3,No,0,4.0,2.0,Quick delivery,.,959470,At-Risk Customer,1
2023/06/08 9:17:38 PM GMT+5:30,29,Male,Multiple times a week,Groceries and Gourmet Food;Clothing and Fashion,Sometimes,Rarely,Keyword,First page,2.0,Yes,Often,Changed my mind or no longer need the item,Rarely,No,3,Sometimes,2,4.0,5.0,All the above,User interface of app,372386,Regular Customer,0
2023/06/08 5:33:01 PM GMT+5:30,10,Others,Few times a month,Groceries and Gourmet Food,No,Few times a week,Others,First page,5.0,Yes,Often,Changed my mind or no longer need the item,Often,No,4,Sometimes,2,1.0,3.0,Quick delivery,User interface ,805683,Regular Customer,2
2023/06/07 9:28:09 AM GMT+5:30,29,Male,Multiple times a week,Groceries and Gourmet Food,Sometimes,Multiple times a day,Categories,Multiple pages,5.0,No,Always,others,Sometimes,Yes,0,No,0,3.0,5.0,All the above,Quality of product is very poor according to the big offers,123843,Regular Customer,0
2023/06/08 3:26:38 AM GMT+5:30,23,Female,Few times a month,Beauty and Personal Care;Clothing and Fashion,Sometimes,Few times a month,Keyword,Multiple pages,1.0,Maybe,Always,High shipping costs,Often,Yes,0,Yes,0,1.0,1.0,Customer service ,Nothing,437743,At-Risk Customer,2
2023/06/06 9:59:35 AM GMT+5:30,9,Male,Less than once a month,Groceries and Gourmet Food;Beauty and Personal Care;others,Sometimes,Few times a week,Others,First page,3.0,Maybe,Always,Found a better price elsewhere,Never,Yes,1,No,0,4.0,1.0,.,I don't have any problem with Amazon,700762,At-Risk Customer,1
2023/06/07 11:54:03 AM GMT+5:30,47,Others,Multiple times a week,Groceries and Gourmet Food;Home and Kitchen,Yes,Few times a month,Categories,Multiple pages,4.0,No,Always,Changed my mind or no longer need the item,Sometimes,No,0,Sometimes,2,1.0,2.0,Customer service ,Add more familiar brands to the list,649239,At-Risk Customer,2
2023/06/08 7:46:31 PM GMT+5:30,60,Others,Multiple times a week,others,No,Rarely,Filter,First page,1.0,No,Rarely,Changed my mind or no longer need the item,Always,No,1,No,1,2.0,3.0,Customer service ,Reducing packaging waste,563426,Regular Customer,2
2023/06/06 6:33:23 PM GMT+5:30,52,Male,Once a week,Beauty and Personal Care;Clothing and Fashion;Home and Kitchen;others,Yes,Few times a week,Others,First page,1.0,No,Rarely,Found a better price elsewhere,Sometimes,No,1,No,1,2.0,4.0,.,I don't have any problem with Amazon,440622,Frequent Buyer,0
2023/06/05 12:05:20 AM GMT+5:30,49,Prefer not to say,Few times a month,Groceries and Gourmet Food;Beauty and Personal Care;Clothing and Fashion;others,Yes,Few times a week,Keyword,Multiple pages,1.0,No,Never,Found a better price elsewhere,Always,Yes,0,Sometimes,2,2.0,3.0,Competitive prices,Shipping speed and reliability,108113,Regular Customer,2
2023/06/09 3:23:38 PM GMT+5:30,13,Female,Once a month,Groceries and Gourmet Food;Home and Kitchen,Sometimes,Rarely,Categories,Multiple pages,4.0,No,Often,Found a better price elsewhere,Never,No,4,Yes,0,5.0,5.0,Customer service ,Quality of product is very poor according to the big offers,228872,Occasional Shopper,0
2023/06/07 9:27:03 AM GMT+5:30,35,Male,Once a week,Home and Kitchen;others,Sometimes,Rarely,Keyword,First page,1.0,Maybe,Never,Found a better price elsewhere,Never,Yes,1,Yes,0,2.0,5.0,Wide product selection,Irrelevant product suggestions,333365,Frequent Buyer,0
2023/06/09 3:18:25 PM GMT+5:30,52,Female,Once a week,Groceries and Gourmet Food;Beauty and Personal Care;Clothing and Fashion,Sometimes,Few times a week,Categories,Multiple pages,5.0,No,Always,High shipping costs,Rarely,No,0,Yes,0,3.0,4.0,Quick delivery,Irrelevant product suggestions,669686,Frequent Buyer,0
2023/06/12 3:57:52 PM GMT+5:30,45,Female,Multiple times a week,Groceries and Gourmet Food;Clothing and Fashion;others,No,Few times a month,Categories,Multiple pages,2.0,Maybe,Sometimes,Found a better price elsewhere,Sometimes,No,4,Sometimes,0,3.0,3.0,User-friendly website/app interface,.,651998,Regular Customer,2
2023/06/07 9:28:09 AM GMT+5:30,5,Others,Once a month,Groceries and Gourmet Food;Clothing and Fashion;Home and Kitchen;others,No,Few times a month,Keyword,Multiple pages,4.0,No,Often,High shipping costs,Often,No,1,No,2,5.0,2.0,All the above,User interface of app,885246,At-Risk Customer,1
2023/06/04 8:01:45 PM GMT+5:30,66,Male,Once a week,Beauty and Personal Care,No,Rarely,Filter,First page,2.0,Maybe,Often,others,Always,Yes,4,Yes,0,2.0,4.0,All the above,User interface of app,812260,Frequent Buyer,0
2023/06/07 10:09:54 PM GMT+5:30,52,Prefer not to say,Less than once a month,Groceries and Gourmet Food;Clothing and Fashion;others,Sometimes,Few times a week,Keyword,Multiple pages,4.0,Yes,Never,Found a better price elsewhere,Often,No,3,No,2,5.0,5.0,User-friendly website/app interface,.,679727,Regular Customer,0
2023/06/04 11:57:10 PM GMT+5:30,50,Prefer not to say,Less than once a month,Groceries and Gourmet Food;Clothing and Fashion;Home and Kitchen;others,No,Few times a month,Keyword,Multiple pages,1.0,Maybe,Never,Found a better price elsewhere,Often,Yes,4,Yes,0,5.0,2.0,Wide product selection,Reducing packaging waste,406978,At-Risk Customer,1
2023/06/05 10:37:36 AM GMT+5:30,22,Prefer not to say,Once a week,Groceries and Gourmet Food;Beauty and Personal Care;others,No,Rarely,Keyword,Multiple pages,5.0,No,Sometimes,others,Always,No,0,No,0,4.0,1.0,Competitive prices,Irrelevant product suggestions,627382,At-Risk Customer,1
2023/06/09 2:34:43 PM GMT+5:30,21,Male,Few times a month,Beauty and Personal Care;Clothing and Fashion;Home and Kitchen,Sometimes,Few times a week,Filter,First page,4.0,Yes,Rarely,High shipping costs,Rarely,No,1,No,1,5.0,1.0,Quick delivery,User interface of app,742032,At-Risk Customer,1
2023/06/07 11:54:03 AM GMT+5:30,50,Female,Once a month,Beauty and Personal Care;Clothing and Fashion;Home and Kitchen,No,Few times a month,Keyword,Multiple pages,4.0,Yes,Rarely,Changed my mind or no longer need the item,Sometimes,Yes,4,Sometimes,1,4.0,5.0,Product recommendations,Add more familiar brands to the list,618973,Occasional Shopper,0
2023/06/04 11:24:41 PM GMT+5:30,26,Prefer not to say,Multiple times a week,Clothing and Fashion;others,Sometimes,Few times a month,Keyword,Multiple pages,3.0,No,Sometimes,others,Never,No,3,No,1,5.0,2.0,Competitive prices,Scrolling option would be much better than going to next page,592155,At-Risk Customer,1
2023/06/08 5:58:03 PM GMT+5:30,7,Male,Less than once a month,Groceries and Gourmet Food;Beauty and Personal Care;Clothing and Fashion;Home and Kitchen;others,No,Multiple times a day,Keyword,First page,3.0,Yes,Always,High shipping costs,Often,Yes,2,Sometimes,0,5.0,5.0,User-friendly website/app interface,I have no problem with Amazon yet. But others tell me about the refund issues ,433956,Regular Customer,0
2023/06/07 1:33:51 PM GMT+5:30,14,Others,Once a week,Groceries and Gourmet Food,Sometimes,Few times a week,Keyword,First page,2.0,Yes,Sometimes,others,Often,Yes,4,No,2,5.0,3.0,Customer service ,better app interface and lower shipping charges,107147,Regular Customer,1
2023/06/05 4:46:52 PM GMT+5:30,53,Male,Once a week,Beauty and Personal Care;Clothing and Fashion;others,Yes,Rarely,Others,Multiple pages,4.0,Yes,Sometimes,Found a better price elsewhere,Never,Yes,0,No,1,3.0,5.0,All the above,Nothing,355625,Frequent Buyer,0
2023/06/08 10:39:27 PM GMT+5:30,16,Female,Once a month,Groceries and Gourmet Food;Home and Kitchen;others,No,Rarely,Categories,Multiple pages,3.0,No,Sometimes,Changed my mind or no longer need the item,Often,No,1,Yes,2,5.0,2.0,Product recommendations,Product quality and accuracy,638061,At-Risk Customer,1
2023/06/11 11:24:21 PM GMT+5:30,20,Male,Few times a month,Beauty and Personal Care;Clothing and Fashion;Home and Kitchen,Yes,Rarely,Keyword,Multiple pages,5.0,No,Rarely,Found a better price elsewhere,Sometimes,No,4,No,0,3.0,2.0,.,Product quality and accuracy,768256,At-Risk Customer,1
2023/06/07 10:17:40 PM GMT+5:30,50,Others,Once a month,Groceries and Gourmet Food;Home and Kitchen;others,No,Few times a month,Filter,First page,1.0,No,Sometimes,Found a better price elsewhere,Often,Yes,0,No,2,4.0,4.0,Customer service,Add more familiar brands to the list,745405,Occasional Shopper,0
2023/06/07 10:39:21 PM GMT+5:30,31,Female,Less than once a month,others,Sometimes,Few times a week,Filter,First page,3.0,Maybe,Always,Found a better price elsewhere,Rarely,Yes,2,No,0,3.0,5.0,User-friendly website/app interface,User interface of app,544978,Regular Customer,0
2023/06/11 11:15:37 PM GMT+5:30,49,Male,Less than once a month,Groceries and Gourmet Food;Beauty and Personal Care;Clothing and Fashion,Sometimes,Multiple times a day,Keyword,First page,3.0,Yes,Sometimes,High shipping costs,Never,No,1,No,0,3.0,1.0,Competitive prices,.,352318,At-Risk Customer,1
2023/06/04 11:38:30 PM GMT+5:30,13,Male,Less than once a month,Beauty and Personal Care;Clothing and Fashion,No,Rarely,Keyword,Multiple pages,1.0,No,Sometimes,Found a better price elsewhere,Never,No,3,No,1,1.0,5.0,All the above,User interface ,174335,Regular Customer,0
2023/06/06 7:18:01 PM GMT+5:30,45,Prefer not to say,Once a week,Groceries and Gourmet Food;Clothing and Fashion;Home and Kitchen;others,Yes,Multiple times a day,Categories,Multiple pages,4.0,Yes,Often,High shipping costs,Often,Yes,0,Sometimes,0,1.0,4.0,Customer service ,I have no problem with Amazon yet. But others tell me about the refund issues ,687610,Frequent Buyer,0
2023/06/09 10:26:01 AM GMT+5:30,38,Male,Multiple times a week,Groceries and Gourmet Food;Beauty and Personal Care;Clothing and Fashion;Home and Kitchen;others,Yes,Few times a week,Filter,Multiple pages,3.0,Yes,Sometimes,Found a better price elsewhere,Sometimes,No,2,Yes,1,2.0,3.0,All the above,Reducing packaging waste,959899,Regular Customer,2
2023/06/07 9:23:41 PM GMT+5:30,34,Prefer not to say,Once a month,Groceries and Gourmet Food,Yes,Multiple times a day,Keyword,Multiple pages,2.0,Yes,Sometimes,High shipping costs,Sometimes,No,3,Sometimes,1,1.0,3.0,Customer service,UI,307015,Occasional Shopper,2
2023/06/09 2:44:09 PM GMT+5:30,6,Male,Once a week,Clothing and Fashion;Home and Kitchen,Sometimes,Rarely,Others,First page,1.0,Maybe,Never,Changed my mind or no longer need the item,Rarely,No,2,No,1,1.0,2.0,Customer service ,Shipping speed and reliability,619153,At-Risk Customer,2
2023/06/11 10:59:30 PM GMT+5:30,24,Prefer not to say,Few times a month,Beauty and Personal Care;Clothing and Fashion;others,No,Multiple times a day,Keyword,Multiple pages,5.0,Yes,Sometimes,Changed my mind or no longer need the item,Sometimes,No,1,No,0,3.0,3.0,Customer service ,User interface of app,542637,Regular Customer,2
2023/06/05 8:43:26 AM GMT+5:30,5,Prefer not to say,Once a week,Beauty and Personal Care;Clothing and Fashion;Home and Kitchen,No,Rarely,Keyword,Multiple pages,1.0,Maybe,Sometimes,others,Sometimes,No,2,Yes,2,3.0,3.0,Product recommendations,I don't have any problem with Amazon,792368,Regular Customer,2
2023/06/08 5:48:55 PM GMT+5:30,43,Male,Less than once a month,Beauty and Personal Care;others,Sometimes,Multiple times a day,Categories,First page,2.0,No,Always,High shipping costs,Rarely,Yes,1,No,2,4.0,2.0,All the above,User interface ,669442,At-Risk Customer,1
2023/06/05 2:25:28 PM GMT+5:30,15,Others,Once a week,Groceries and Gourmet Food;Clothing and Fashion;Home and Kitchen;others,Yes,Few times a week,Keyword,First page,4.0,No,Never,High shipping costs,Always,No,1,Sometimes,1,3.0,3.0,Competitive prices,Shipping speed and reliability,575931,Regular Customer,2
2023/06/11 10:44:46 PM GMT+5:30,66,Prefer not to say,Multiple times a week,Clothing and Fashion;Home and Kitchen;others,No,Multiple times a day,Keyword,Multiple pages,5.0,Maybe,Never,High shipping costs,Always,Yes,3,Yes,0,4.0,5.0,Wide product selection,Irrelevant product suggestions,251641,Regular Customer,0
2023/06/05 10:09:03 PM GMT+5:30,23,Prefer not to say,Multiple times a week,Groceries and Gourmet Food;Beauty and Personal Care;Home and Kitchen,Sometimes,Few times a month,Keyword,First page,5.0,Yes,Rarely,High shipping costs,Never,No,1,Yes,2,1.0,3.0,Wide product selection,UI,262564,Regular Customer,2
2023/06/05 7:16:40 AM GMT+5:30,7,Others,Few times a month,Groceries and Gourmet Food;Beauty and Personal Care;Clothing and Fashion;others,Yes,Multiple times a day,Filter,Multiple pages,2.0,Yes,Often,others,Often,No,2,No,1,2.0,4.0,User-friendly website/app interface,Product quality and accuracy,551457,Regular Customer,0
2023/06/06 7:17:17 PM GMT+5:30,55,Female,Less than once a month,Groceries and Gourmet Food;Clothing and Fashion,Sometimes,Few times a month,Others,Multiple pages,5.0,No,Sometimes,Changed my mind or no longer need the item,Often,Yes,3,Yes,2,4.0,3.0,All the above,Shipping speed and reliability,490634,Regular Customer,1
2023/06/11 11:10:59 PM GMT+5:30,12,Others,Once a month,Beauty and Personal Care;others,Yes,Rarely,Keyword,First page,5.0,Yes,Often,Changed my mind or no longer need the item,Rarely,Yes,3,No,1,5.0,1.0,.,Product quality and accuracy,759838,At-Risk Customer,1
2023/06/09 10:30:39 AM GMT+5:30,47,Others,Multiple times a week,Beauty and Personal Care;Clothing and Fashion,No,Multiple times a day,Others,First page,2.0,Yes,Rarely,others,Rarely,Yes,2,Yes,2,2.0,5.0,.,Quality of product is very poor according to the big offers,781478,Regular Customer,0
2023/06/07 9:17:50 PM GMT+5:30,8,Others,Multiple times a week,Groceries and Gourmet Food;Beauty and Personal Care,Sometimes,Multiple times a day,Keyword,Multiple pages,4.0,Maybe,Never,Found a better price elsewhere,Often,Yes,0,Yes,2,1.0,4.0,Wide product selection,Customer service responsiveness,811409,Regular Customer,0
2023/06/07 6:20:53 PM GMT+5:30,5,Prefer not to say,Less than once a month,Groceries and Gourmet Food;Beauty and Personal Care;Clothing and Fashion;Home and Kitchen,No,Few times a month,Filter,Multiple pages,1.0,Maybe,Rarely,others,Often,No,2,Sometimes,2,1.0,3.0,Quick delivery,User interface ,933283,Regular Customer,2
2023/06/06 9:08:20 PM GMT+5:30,30,Male,Once a month,Beauty and Personal Care;Home and Kitchen;others,Yes,Multiple times a day,Keyword,First page,1.0,No,Sometimes,High shipping costs,Sometimes,Yes,1,Sometimes,0,1.0,3.0,Competitive prices,I don't have any problem with Amazon,542089,Occasional Shopper,2
2023/06/06 6:35:33 PM GMT+5:30,27,Female,Once a month,Groceries and Gourmet Food;Beauty and Personal Care;Clothing and Fashion;Home and Kitchen,No,Few times a month,Keyword,First page,2.0,Maybe,Never,Found a better price elsewhere,Always,Yes,4,Sometimes,1,1.0,3.0,Customer service,Nothing,237718,Occasional Shopper,2
2023/06/09 4:31:06 PM GMT+5:30,60,Others,Once a week,Groceries and Gourmet Food;Clothing and Fashion;Home and Kitchen;others,No,Rarely,Keyword,Multiple pages,5.0,No,Often,Changed my mind or no longer need the item,Always,Yes,1,No,0,3.0,1.0,Wide product selection,Nil,832196,At-Risk Customer,1
2023/06/11 11:07:31 PM GMT+5:30,13,Male,Less than once a month,Beauty and Personal Care,No,Multiple times a day,Filter,First page,1.0,Yes,Always,High shipping costs,Always,No,2,Sometimes,2,1.0,2.0,All the above,Nothing,982972,At-Risk Customer,2
2023/06/09 4:32:00 PM GMT+5:30,23,Prefer not to say,Once a month,Beauty and Personal Care;Clothing and Fashion;others,No,Rarely,Others,First page,4.0,No,Often,High shipping costs,Rarely,Yes,3,Yes,1,4.0,2.0,.,.,480726,At-Risk Customer,1
2023/06/09 3:19:53 PM GMT+5:30,47,Prefer not to say,Few times a month,Beauty and Personal Care,Yes,Few times a month,Keyword,First page,3.0,No,Always,High shipping costs,Always,Yes,0,No,0,3.0,1.0,Customer service ,User interface of app,709087,At-Risk Customer,1
2023/06/04 9:10:51 PM GMT+5:30,16,Male,Once a month,Beauty and Personal Care;Clothing and Fashion;Home and Kitchen;others,Yes,Rarely,Filter,First page,1.0,Maybe,Never,Found a better price elsewhere,Often,No,1,No,2,5.0,1.0,Quick delivery,Add more familiar brands to the list,712664,At-Risk Customer,1
2023/06/06 7:17:17 PM GMT+5:30,55,Prefer not to say,Once a month,Groceries and Gourmet Food,Yes,Few times a week,Others,First page,4.0,Yes,Never,High shipping costs,Sometimes,No,0,No,0,1.0,4.0,User-friendly website/app interface,User interface of app,571793,Occasional Shopper,0
2023/06/06 4:25:49 PM GMT+5:30,43,Others,Once a week,Clothing and Fashion,Yes,Multiple times a day,Filter,Multiple pages,5.0,Maybe,Often,Found a better price elsewhere,Sometimes,Yes,0,Yes,2,1.0,1.0,Customer service ,User interface of app,680914,At-Risk Customer,2
2023/06/09 10:59:38 AM GMT+5:30,52,Others,Less than once a month,Groceries and Gourmet Food;Clothing and Fashion;others,Yes,Few times a week,Others,Multiple pages,2.0,Yes,Often,Changed my mind or no longer need the item,Rarely,Yes,0,Yes,2,2.0,4.0,All the above,No problems with Amazon,772411,Regular Customer,0
2023/06/09 2:23:03 PM GMT+5:30,32,Male,Multiple times a week,Beauty and Personal Care;Home and Kitchen,No,Rarely,Categories,First page,2.0,Maybe,Sometimes,Found a better price elsewhere,Rarely,No,1,No,1,3.0,4.0,.,Quality of product is very poor according to the big offers,236372,Regular Customer,0
2023/06/06 6:57:14 PM GMT+5:30,31,Male,Few times a month,Groceries and Gourmet Food;Beauty and Personal Care;Clothing and Fashion;Home and Kitchen;others,Yes,Few times a week,Filter,First page,5.0,Maybe,Sometimes,Changed my mind or no longer need the item,Always,No,1,No,0,4.0,4.0,.,Scrolling option would be much better than going to next page,962719,Regular Customer,0
2023/06/08 5:32:09 PM GMT+5:30,29,Female,Once a month,Groceries and Gourmet Food;Beauty and Personal Care,Yes,Rarely,Others,Multiple pages,4.0,No,Always,High shipping costs,Rarely,Yes,1,Yes,2,1.0,2.0,Wide product selection,Scrolling option would be much better than going to next page,275280,At-Risk Customer,2
2023/06/11 11:09:33 PM GMT+5:30,56,Female,Once a month,Clothing and Fashion;others,Sometimes,Few times a month,Keyword,First page,4.0,Maybe,Sometimes,Changed my mind or no longer need the item,Always,No,4,No,1,3.0,5.0,User-friendly website/app interface,I have no problem with Amazon yet. But others tell me about the refund issues ,771432,Occasional Shopper,0
2023/06/05 1:45:30 PM GMT+5:30,44,Prefer not to say,Less than once a month,Clothing and Fashion;others,Sometimes,Few times a month,Filter,First page,3.0,Maybe,Always,others,Rarely,Yes,2,Sometimes,0,3.0,4.0,All the above,Nil,214820,Regular Customer,0
2023/06/11 11:22:19 PM GMT+5:30,28,Others,Few times a month,Groceries and Gourmet Food;Home and Kitchen,No,Rarely,Keyword,Multiple pages,1.0,Yes,Sometimes,High shipping costs,Never,Yes,2,No,2,1.0,3.0,User-friendly website/app interface,User interface of app,111907,Regular Customer,2
2023/06/07 10:16:22 PM GMT+5:30,5,Prefer not to say,Once a week,Beauty and Personal Care;others,Yes,Few times a month,Filter,Multiple pages,5.0,Maybe,Sometimes,Changed my mind or no longer need the item,Rarely,No,2,Sometimes,1,2.0,4.0,User-friendly website/app interface,Customer service responsiveness,119269,Frequent Buyer,0
2023/06/05 9:56:58 AM GMT+5:30,6,Female,Less than once a month,Clothing and Fashion;Home and Kitchen,No,Few times a month,Categories,Multiple pages,3.0,No,Always,Found a better price elsewhere,Always,No,0,Sometimes,2,5.0,3.0,.,Add more familiar brands to the list,967500,Regular Customer,1
2023/06/12 4:02:53 PM GMT+5:30,51,Others,Once a month,Groceries and Gourmet Food;Beauty and Personal Care;others,Yes,Few times a week,Others,Multiple pages,1.0,No,Often,Found a better price elsewhere,Always,Yes,1,Yes,0,5.0,3.0,Quick delivery,Add more familiar brands to the list,953982,Occasional Shopper,1
2023/06/11 11:10:59 PM GMT+5:30,23,Male,Less than once a month,Groceries and Gourmet Food;Beauty and Personal Care;others,Yes,Rarely,Categories,First page,5.0,Yes,Often,Changed my mind or no longer need the item,Often,No,0,No,0,5.0,1.0,.,Customer service responsiveness,807622,At-Risk Customer,1
2023/06/09 4:29:50 PM GMT+5:30,5,Female,Few times a month,Clothing and Fashion;others,Sometimes,Few times a week,Filter,Multiple pages,2.0,Maybe,Sometimes,High shipping costs,Never,Yes,3,No,1,4.0,3.0,.,UI,380511,Regular Customer,1
2023/06/08 5:41:46 PM GMT+5:30,57,Female,Once a week,others,No,Few times a month,Filter,Multiple pages,1.0,Maybe,Always,Found a better price elsewhere,Never,Yes,1,No,1,4.0,1.0,Competitive prices,Product quality and accuracy,129951,At-Risk Customer,1
2023/06/07 10:42:24 PM GMT+5:30,25,Prefer not to say,Multiple times a week,Beauty and Personal Care;others,Sometimes,Few times a month,Filter,First page,1.0,Maybe,Rarely,Changed my mind or no longer need the item,Often,Yes,4,No,1,4.0,5.0,Customer service ,Add more familiar brands to the list,252943,Regular Customer,0
2023/06/10 10:49:42 AM GMT+5:30,55,Male,Less than once a month,Groceries and Gourmet Food;Clothing and Fashion;others,Sometimes,Few times a month,Others,First page,1.0,Yes,Rarely,Found a better price elsewhere,Sometimes,Yes,2,Yes,0,3.0,4.0,Quick delivery,Nil,850915,Regular Customer,0
2023/06/07 3:56:01 PM GMT+5:30,46,Female,Less than once a month,Beauty and Personal Care;others,No,Few times a week,Keyword,Multiple pages,3.0,Maybe,Often,Changed my mind or no longer need the item,Sometimes,Yes,1,Sometimes,2,1.0,5.0,Customer service,No problems with Amazon,513000,Regular Customer,0
2023/06/09 2:36:09 PM GMT+5:30,12,Prefer not to say,Less than once a month,Groceries and Gourmet Food;Beauty and Personal Care;Clothing and Fashion,Yes,Multiple times a day,Keyword,First page,4.0,Yes,Sometimes,others,Always,No,0,Sometimes,1,4.0,5.0,Quick delivery,No problems with Amazon,375930,Regular Customer,0
2023/06/07 10:39:21 PM GMT+5:30,16,Others,Once a month,Beauty and Personal Care;Clothing and Fashion;others,No,Few times a month,Keyword,Multiple pages,1.0,Yes,Always,Found a better price elsewhere,Often,No,4,No,2,4.0,4.0,All the above,Quality of product is very poor according to the big offers,415714,Occasional Shopper,0
2023/06/08 5:06:30 PM GMT+5:30,4,Prefer not to say,Less than once a month,others,Sometimes,Multiple times a day,Categories,Multiple pages,2.0,Yes,Sometimes,Found a better price elsewhere,Rarely,Yes,4,Yes,2,3.0,5.0,User-friendly website/app interface,Product quality and accuracy,319851,Regular Customer,0
2023/06/08 9:40:24 PM GMT+5:30,51,Prefer not to say,Multiple times a week,Clothing and Fashion;others,No,Multiple times a day,Keyword,Multiple pages,2.0,Yes,Sometimes,High shipping costs,Always,No,3,Sometimes,0,1.0,5.0,Customer service,User interface ,508222,Regular Customer,0
2023/06/08 7:50:55 PM GMT+5:30,15,Male,Once a week,Groceries and Gourmet Food;Beauty and Personal Care;Home and Kitchen,Yes,Rarely,Others,Multiple pages,1.0,Maybe,Rarely,High shipping costs,Sometimes,No,3,Yes,1,4.0,5.0,Customer service ,Nil,603030,Frequent Buyer,0
2023/06/11 11:06:16 PM GMT+5:30,21,Prefer not to say,Less than once a month,Beauty and Personal Care;Home and Kitchen,Yes,Few times a week,Others,First page,5.0,No,Often,High shipping costs,Never,No,3,Yes,1,5.0,1.0,All the above,Product quality and accuracy,245296,At-Risk Customer,1
2023/06/06 6:57:14 PM GMT+5:30,56,Female,Once a month,Groceries and Gourmet Food;Clothing and Fashion;Home and Kitchen;others,Yes,Few times a week,Keyword,Multiple pages,3.0,No,Never,Changed my mind or no longer need the item,Sometimes,Yes,2,Yes,1,1.0,5.0,Quick delivery,I don't have any problem with Amazon,473964,Occasional Shopper,0
2023/06/08 5:53:11 PM GMT+5:30,62,Female,Once a week,Groceries and Gourmet Food;Beauty and Personal Care,Yes,Rarely,Keyword,First page,3.0,No,Always,others,Often,Yes,3,No,1,5.0,2.0,Quick delivery,Nil,191549,At-Risk Customer,1
2023/06/06 10:03:52 AM GMT+5:30,31,Prefer not to say,Once a month,Groceries and Gourmet Food;Beauty and Personal Care;Home and Kitchen,Yes,Few times a week,Keyword,First page,4.0,Yes,Never,Changed my mind or no longer need the item,Sometimes,Yes,4,Yes,0,1.0,4.0,Wide product selection,No problems with Amazon,581439,Occasional Shopper,0
2023/06/09 3:00:03 PM GMT+5:30,57,Female,Less than once a month,Beauty and Personal Care;Clothing and Fashion;Home and Kitchen;others,Yes,Few times a month,Filter,First page,3.0,Yes,Often,Found a better price elsewhere,Never,No,4,Sometimes,0,2.0,2.0,Customer service,No problems with Amazon,155797,At-Risk Customer,2
2023/06/06 4:25:49 PM GMT+5:30,45,Others,Less than once a month,Clothing and Fashion;Home and Kitchen,No,Rarely,Filter,First page,1.0,No,Always,Changed my mind or no longer need the item,Sometimes,No,1,Sometimes,2,5.0,2.0,.,Quality of product is very poor according to the big offers,190364,At-Risk Customer,1
2023/06/06 6:38:03 PM GMT+5:30,48,Female,Once a week,Beauty and Personal Care;Clothing and Fashion;Home and Kitchen;others,No,Multiple times a day,Categories,Multiple pages,5.0,No,Sometimes,Found a better price elsewhere,Always,No,3,Sometimes,0,5.0,5.0,All the above,Product quality and accuracy,192836,Frequent Buyer,0
2023/06/07 6:15:10 PM GMT+5:30,26,Male,Once a month,Groceries and Gourmet Food;Beauty and Personal Care;Clothing and Fashion;Home and Kitchen;others,Yes,Rarely,Others,First page,4.0,Maybe,Never,Changed my mind or no longer need the item,Often,No,4,No,2,3.0,3.0,Wide product selection,I have no problem with Amazon yet. But others tell me about the refund issues ,814116,Occasional Shopper,2
2023/06/11 11:25:48 PM GMT+5:30,61,Others,Multiple times a week,Groceries and Gourmet Food;Beauty and Personal Care;Clothing and Fashion;Home and Kitchen;others,No,Few times a week,Filter,First page,5.0,No,Rarely,High shipping costs,Always,Yes,3,No,0,5.0,5.0,Competitive prices,I don't have any problem with Amazon,652510,Regular Customer,0
2023/06/07 10:21:00 PM GMT+5:30,67,Female,Once a week,Groceries and Gourmet Food;Home and Kitchen,No,Multiple times a day,Others,First page,2.0,No,Rarely,Found a better price elsewhere,Never,Yes,2,Sometimes,0,1.0,1.0,Competitive prices,Scrolling option would be much better than going to next page,460379,At-Risk Customer,2
2023/06/10 2:40:34 PM GMT+5:30,19,Others,Few times a month,Beauty and Personal Care;Clothing and Fashion;others,No,Few times a month,Categories,Multiple pages,3.0,Maybe,Never,others,Always,No,3,Yes,0,4.0,5.0,Customer service,Scrolling option would be much better than going to next page,745775,Regular Customer,0
2023/06/05 8:49:12 PM GMT+5:30,10,Others,Once a month,Groceries and Gourmet Food;Clothing and Fashion,Sometimes,Rarely,Keyword,First page,4.0,No,Often,High shipping costs,Always,Yes,0,No,1,2.0,5.0,Quick delivery,I don't have any problem with Amazon,677385,Occasional Shopper,0
